USE MASTER
GO

IF EXISTS(SELECT * FROM SYS.DATABASES WHERE NAME='AVANZADO')
DROP DATABASE AVANZADO
GO

IF(DB_ID(N'AVANZADO') IS NULL)
CREATE DATABASE AVANZADO
GO

USE AVANZADO
GO
    
CREATE TABLE CARGO(
COD_CARGO TINYINT IDENTITY(1,1) NOT NULL,
DESCRIPCION VARCHAR(20) NOT NULL,
SUELDO VARCHAR(8) NOT NULL)
GO
ALTER TABLE CARGO ADD CONSTRAINT PK_CARGO PRIMARY KEY (COD_CARGO)
GO

INSERT INTO CARGO(DESCRIPCION, SUELDO) VALUES ('Administrador', '3000')
GO
INSERT INTO CARGO(DESCRIPCION, SUELDO) VALUES ('Secretaria', '1500')
GO
INSERT INTO CARGO(DESCRIPCION, SUELDO) VALUES ('Camionero', '1500')
GO
INSERT INTO CARGO(DESCRIPCION, SUELDO) VALUES ('Almacen', '1500')
GO

CREATE TABLE DEPARTAMENTO(
COD_DEPARTAMENTO VARCHAR(6) NOT NULL,
DEPARTAMENTO VARCHAR(50) NOT NULL)
GO
ALTER TABLE DEPARTAMENTO ADD CONSTRAINT PK_DEPARTAMENTO PRIMARY KEY (COD_DEPARTAMENTO)
GO

INSERT INTO DEPARTAMENTO VALUES ('010000', 'AMAZONAS'), ('020000', 'ANCASH'), ('030000', 'APURIMAC'), ('040000', 'AREQUIPA'),
('050000', 'AYACUCHO'), ('060000', 'CAJAMARCA'), ('240000', 'CALLAO'), ('070000', 'CUSCO'), ('080000', 'HUANCAVELICA'),
('090000', 'HUANUCO'), ('100000', 'ICA'), ('110000', 'JUNIN'), ('120000', 'LA LIBERTAD'), ('130000', 'LAMBAYEQUE'),
('140000', 'LIMA'), ('150000', 'LORETO'), ('160000', 'MADRE DE DIOS'), ('170000', 'MOQUEGUA'), ('180000', 'PASCO'),
('190000', 'PIURA'), ('200000', 'PUNO'), ('210000', 'SAN MARTIN'), ('220000', 'TACNA'), ('230000', 'TUMBES'), ('250000', 'UCAYALI')
GO

CREATE TABLE PROVINCIA(
COD_PROVINCIA VARCHAR(6) NOT NULL,
PROVINCIA VARCHAR(50) NOT NULL,
COD_DEPARTAMENTO VARCHAR(6) NOT NULL)
GO
ALTER TABLE PROVINCIA ADD CONSTRAINT PK_PROVINCIA PRIMARY KEY (COD_PROVINCIA)
GO
ALTER TABLE PROVINCIA ADD CONSTRAINT FK_PROVINCIA_DEPARTAMENTO FOREIGN KEY (COD_DEPARTAMENTO) REFERENCES DEPARTAMENTO (COD_DEPARTAMENTO)
GO

INSERT INTO PROVINCIA VALUES ('010100', 'CHACHAPOYAS', '010000'), ('010200', 'BAGUA', '010000'), ('010300', 'BONGARA', '010000'), ('010400', 'LUYA', '010000'),
('010500', 'RODRIGUEZ DE MENDOZA', '010000'), ('010600', 'CONDORCANQUI', '010000'), ('010700', 'UTCUBAMBA', '010000'), ('020100', 'HUARAZ', '020000'), ('020200', 'AIJA', '020000'),
('020300', 'BOLOGNESI', '020000'), ('020400', 'CARHUAZ', '020000'), ('020500', 'CASMA', '020000'), ('020600', 'CORONGO', '020000'), ('020700', 'HUAYLAS', '020000'), ('250400', 'PURUS', '250000'),
('020800', 'HUARI', '020000'), ('020900', 'MARISCAL LUZURIAGA', '020000'), ('021000', 'PALLASCA', '020000'), ('021100', 'POMABAMBA', '020000'), ('021200', 'RECUAY', '020000'),
('021300', 'SANTA', '020000'), ('021400', 'SIHUAS', '020000'), ('021500', 'YUNGAY', '020000'), ('021600', 'ANTONIO RAIMONDI', '020000'), ('021700', 'CARLOS FERMIN FITZCARRALD', '020000'),
('021800', 'ASUNCION', '020000'), ('021900', 'HUARMEY', '020000'), ('022000', 'OCROS', '020000'), ('030100', 'ABANCAY', '030000'), ('030200', 'AYMARAES', '030000'), ('030300', 'ANDAHUAYLAS', '030000'),
('030400', 'ANTABAMBA', '030000'), ('030500', 'COTABAMBAS', '030000'), ('030600', 'GRAU', '030000'), ('030700', 'CHINCHEROS', '030000'), ('040100', 'AREQUIPA', '040000'), ('040200', 'CAYLLOMA', '040000'),
('040300', 'CAMANA', '040000'), ('040400', 'CARAVELI', '040000'), ('040500', 'CASTILLA', '040000'), ('040600', 'CONDESUYOS', '040000'), ('040700', 'ISLAY', '040000'), ('040800', 'LA UNION', '040000'),
('050100', 'HUAMANGA', '050000'), ('050200', 'CANGALLO', '050000'), ('050300', 'HUANTA', '050000'), ('050400', 'LA MAR', '050000'), ('050500', 'LUCANAS', '050000'), ('050600', 'PARINACOCHAS', '050000'),
('050700', 'VICTOR FAJARDO', '050000'), ('050800', 'HUANCA SANCOS', '050000'), ('050900', 'VILCAS HUAMAN', '050000'), ('051000', 'PAUCAR DEL SARA SARA', '050000'), ('051100', 'SUCRE', '050000'),
('060100', 'CAJAMARCA', '060000'), ('060200', 'CAJABAMBA', '060000'), ('060300', 'CELENDIN', '060000'), ('060400', 'CONTUMAZA', '060000'), ('060500', 'CUTERVO', '060000'), ('060600', 'CHOTA', '060000'),
('060700', 'HUALGAYOC', '060000'), ('060800', 'JAEN', '060000'), ('060900', 'SANTA CRUZ', '060000'), ('061000', 'SAN MIGUEL', '060000'), ('061100', 'SAN IGNACIO', '060000'), ('061200', 'SAN MARCOS', '060000'),
('061300', 'SAN PABLO', '060000'), ('070100', 'CUSCO', '070000'), ('070200', 'ACOMAYO', '070000'), ('070300', 'ANTA', '070000'), ('070400', 'CALCA', '070000'), ('070500', 'CANAS', '070000'), 
('070600', 'CANCHIS', '070000'), ('070700', 'CHUMBIVILCAS', '070000'),  ('070800', 'ESPINAR', '070000'), ('070900', 'LA CONVENCION', '070000'), ('071000', 'PARURO', '070000'), ('071100', 'PAUCARTAMBO', '070000'),
('071200', 'QUISPICANCHI', '070000'), ('071300', 'URUBAMBA', '070000'), ('080100', 'HUANCAVELICA', '080000'), ('080200', 'ACOBAMBA', '080000'), ('080300', 'ANGARAES', '080000'), ('080400', 'CASTROVIRREYNA', '080000'),
('080500', 'TAYACAJA', '080000'), ('080600', 'HUAYTARA', '080000'), ('080700', 'CHURCAMPA', '080000'), ('090100', 'HUANUCO', '090000'), ('090200', 'AMBO', '090000'), ('090300', 'DOS DE MAYO', '090000'),
('090400', 'HUAMALIES', '090000'), ('090500', 'MARAÑON', '090000'), ('090600', 'LEONCIO PRADO', '090000'), ('090700', 'PACHITEA', '090000'), ('090800', 'PUERTO INCA', '090000'), ('090900', 'HUACAYBAMBA', '090000'),
('091000', 'LAURICOCHA', '090000'), ('091100', 'YAROWILCA', '090000'), ('100100', 'ICA', '100000'), ('100200', 'CHINCHA', '100000'), ('100300', 'NAZCA', '100000'), ('100400', 'PISCO', '100000'),
('100500', 'PALPA', '100000'), ('110100', 'HUANCAYO', '110000'), ('110200', 'CONCEPCION', '110000'), ('110300', 'JAUJA', '110000'), ('110400', 'JUNIN', '110000'), ('110500', 'TARMA', '110000'), ('110600', 'YAULI', '110000'),
('110700', 'SATIPO', '110000'), ('110800', 'CHANCHAMAYO', '110000'), ('110900', 'CHUPACA', '110000'), ('120100', 'TRUJILLO', '120000'), ('120200', 'BOLIVAR', '120000'), ('120300', 'SANCHEZ CARRION', '120000'),
('120400', 'OTUZCO', '120000'), ('120500', 'PACASMAYO', '120000'), ('120600', 'PATAZ', '120000'), ('120700', 'SANTIAGO DE CHUCO', '120000'), ('120800', 'ASCOPE', '120000'), ('120900', 'CHEPEN', '120000'),
('121000', 'JULCAN', '120000'), ('121100', 'GRAN CHIMU', '120000'), ('121200', 'VIRU', '120000'), ('130100', 'CHICLAYO', '130000'), ('130200', 'FERREÑAFE', '130000'), ('130300', 'LAMBAYEQUE', '130000'),
('140100', 'LIMA', '140000'), ('140200', 'CAJATAMBO', '140000'), ('140300', 'CANTA', '140000'), ('140400', 'CAÑETE', '140000'), ('140500', 'HUAURA', '140000'), ('140600', 'HUAROCHIRI', '140000'), ('140700', 'YAUYOS', '140000'),
('140800', 'HUARAL', '140000'), ('140900', 'BARRANCA', '140000'), ('141000', 'OYON', '140000'), ('150100', 'MAYNAS', '150000'), ('150200', 'ALTO AMAZONAS', '150000'), ('150300', 'LORETO', '150000'),
('150400', 'REQUENA', '150000'), ('150500', 'UCAYALI', '150000'), ('150600', 'MARISCAL RAMON CASTILLA', '150000'), ('150700', 'DATEM DEL MARAÑON', '150000'), ('160100', 'TAMBOPATA', '160000'), ('160200', 'MANU', '160000'),
('160300', 'TAHUAMANU', '160000'), ('170100', 'MARISCAL NIETO', '170000'), ('170200', 'GENERAL SANCHEZ CERRO', '170000'), ('170300', 'ILO', '170000'), ('180100', 'PASCO', '180000'), ('180200', 'DANIEL ALCIDES CARRION', '180000'),
('180300', 'OXAPAMPA', '180000'), ('190100', 'PIURA', '190000'), ('190200', 'AYABACA', '190000'), ('190300', 'HUANCABAMBA', '190000'), ('190400', 'MORROPON', '190000'), ('190500', 'PAITA', '190000'),
('190600', 'SULLANA', '190000'), ('190700', 'TALARA', '190000'), ('190800', 'SECHURA', '190000'), ('200100', 'PUNO', '200000'), ('200200', 'AZANGARO', '200000'), ('200300', 'CARABAYA', '200000'), ('200400', 'CHUCUITO', '200000'),
('200500', 'HUANCANE', '200000'), ('200600', 'LAMPA', '200000'), ('200700', 'MELGAR', '200000'), ('200800', 'SANDIA', '200000'), ('200900', 'SAN ROMAN', '200000'), ('201000', 'YUNGUYO', '200000'),
('201100', 'SAN ANTONIO DE PUTINA', '200000'), ('201200', 'EL COLLAO', '200000'), ('201300', 'MOHO', '200000'), ('210100', 'MOYOBAMBA', '210000'), ('210200', 'HUALLAGA', '210000'), ('210300', 'LAMAS', '210000'),
('210400', 'MARISCAL CACERES', '210000'), ('210500', 'RIOJA', '210000'), ('210600', 'SAN MARTIN', '210000'), ('210700', 'BELLAVISTA', '210000'), ('210800', 'TOCACHE', '210000'), ('210900', 'PICOTA', '210000'),
('211000', 'EL DORADO', '210000'), ('220100', 'TACNA', '220000'), ('220200', 'TARATA', '220000'), ('220300', 'JORGE BASADRE', '220000'), ('220400', 'CANDARAVE', '220000'), ('230100', 'TUMBES', '230000'),
('230200', 'CONTRALMIRANTE VILLAR', '230000'), ('230300', 'ZARUMILLA', '230000'), ('240100', 'CALLAO', '240000'), ('250100', 'CORONEL PORTILLO', '250000'), ('250200', 'PADRE ABAD', '250000'), ('250300', 'ATALAYA', '250000')
GO

CREATE TABLE DISTRITO(
COD_DISTRITO VARCHAR(6) NOT NULL,
DISTRITO VARCHAR(50) NOT NULL,
COD_PROVINCIA VARCHAR(6) NOT NULL)
GO
ALTER TABLE DISTRITO ADD CONSTRAINT PK_DISTRITO PRIMARY KEY (COD_DISTRITO)
GO
ALTER TABLE DISTRITO ADD CONSTRAINT FK_DISTRITO_PROVINCIA FOREIGN KEY (COD_PROVINCIA) REFERENCES PROVINCIA (COD_PROVINCIA)
GO

INSERT INTO DISTRITO VALUES
('010101', 'CHACHAPOYAS', '010100'),
('010102', 'ASUNCION', '010100'),
('010103', 'BALSAS', '010100'),
('010104', 'CHETO', '010100'),
('010105', 'CHILIQUIN', '010100'),
('010106', 'CHUQUIBAMBA', '010100'),
('010107', 'GRANADA', '010100'),
('010108', 'HUANCAS', '010100'),
('010109', 'LA JALCA', '010100'),
('010110', 'LEIMEBAMBA', '010100'),
('010111', 'LEVANTO', '010100'),
('010112', 'MAGDALENA', '010100'),
('010113', 'MARISCAL CASTILLA', '010100'),
('010114', 'MOLINOPAMPA', '010100'),
('010115', 'MONTEVIDEO', '010100'),
('010116', 'OLLEROS', '010100'),
('010117', 'QUINJALCA', '010100'),
('010118', 'SAN FRANCISCO DE DAGUAS', '010100'),
('010119', 'SAN ISIDRO DE MAINO', '010100'),
('010120', 'SOLOCO', '010100'),
('010121', 'SONCHE', '010100'),
('010201', 'LA PECA', '010200'),
('010202', 'ARAMANGO', '010200'),
('010203', 'COPALLIN', '010200'),
('010204', 'EL PARCO', '010200'),
('010205', 'BAGUA', '010200'),
('010206', 'IMAZA', '010200'),
('010301', 'JUMBILLA', '010300'),
('010302', 'COROSHA', '010300'),
('010303', 'CUISPES', '010300'),
('010304', 'CHISQUILLA', '010300'),
('010305', 'CHURUJA', '010300'),
('010306', 'FLORIDA', '010300'),
('010307', 'RECTA', '010300'),
('010308', 'SAN CARLOS', '010300'),
('010309', 'SHIPASBAMBA', '010300'),
('010310', 'VALERA', '010300'),
('010311', 'YAMBRASBAMBA', '010300'),
('010312', 'JAZAN', '010300'),
('010401', 'LAMUD', '010400'),
('010402', 'CAMPORREDONDO', '010400'),
('010403', 'COCABAMBA', '010400'),
('010404', 'COLCAMAR', '010400'),
('010405', 'CONILA', '010400'),
('010406', 'INGUILPATA', '010400'),
('010407', 'LONGUITA', '010400'),
('010408', 'LONYA CHICO', '010400'),
('010409', 'LUYA', '010400'),
('010410', 'LUYA VIEJO', '010400'),
('010411', 'MARIA', '010400'),
('010412', 'OCALLI', '010400'),
('010413', 'OCUMAL', '010400'),
('010414', 'PISUQUIA', '010400'),
('010415', 'SAN CRISTOBAL', '010400'),
('010416', 'SAN FRANCISCO DE YESO', '010400'),
('010417', 'SAN JERONIMO', '010400'),
('010418', 'SAN JUAN DE LOPECANCHA', '010400'),
('010419', 'SANTA CATALINA', '010400'),
('010420', 'SANTO TOMAS', '010400'),
('010421', 'TINGO', '010400'),
('010422', 'TRITA', '010400'),
('010423', 'PROVIDENCIA', '010400'),
('010501', 'SAN NICOLAS', '010500'),
('010502', 'COCHAMAL', '010500'),
('010503', 'CHIRIMOTO', '010500'),
('010504', 'HUAMBO', '010500'),
('010505', 'LIMABAMBA', '010500'),
('010506', 'LONGAR', '010500'),
('010507', 'MILPUCC', '010500'),
('010508', 'MARISCAL BENAVIDES', '010500'),
('010509', 'OMIA', '010500'),
('010510', 'SANTA ROSA', '010500'),
('010511', 'TOTORA', '010500'),
('010512', 'VISTA ALEGRE', '010500'),
('010601', 'NIEVA', '010600'),
('010602', 'RIO SANTIAGO', '010600'),
('010603', 'EL CENEPA', '010600'),
('010701', 'BAGUA GRANDE', '010700'),
('010702', 'CAJARURO', '010700'),
('010703', 'CUMBA', '010700'),
('010704', 'EL MILAGRO', '010700'),
('010705', 'JAMALCA', '010700'),
('010706', 'LONYA GRANDE', '010700'),
('010707', 'YAMON', '010700'),
('020101', 'HUARAZ', '020100'),
('020102', 'INDEPENDENCIA', '020100'),
('020103', 'COCHABAMBA', '020100'),
('020104', 'COLCABAMBA', '020100'),
('020105', 'HUANCHAY', '020100'),
('020106', 'JANGAS', '020100'),
('020107', 'LA LIBERTAD', '020100'),
('020108', 'OLLEROS', '020100'),
('020109', 'PAMPAS GRANDE', '020100'),
('020110', 'PARIACOTO', '020100'),
('020111', 'PIRA', '020100'),
('020112', 'TARICA', '020100'),
('020201', 'AIJA', '020200'),
('020203', 'CORIS', '020200'),
('020205', 'HUACLLAN', '020200'),
('020206', 'LA MERCED', '020200'),
('020208', 'SUCCHA', '020200'),
('020301', 'CHIQUIAN', '020300'),
('020302', 'ABELARDO PARDO LEZAMETA', '020300'),
('020304', 'AQUIA', '020300'),
('020305', 'CAJACAY', '020300'),
('020310', 'HUAYLLACAYAN', '020300'),
('020311', 'HUASTA', '020300'),
('020313', 'MANGAS', '020300'),
('020315', 'PACLLON', '020300'),
('020317', 'SAN MIGUEL DE CORPANQUI', '020300'),
('020320', 'TICLLOS', '020300'),
('020321', 'ANTONIO RAIMONDI', '020300'),
('020322', 'CANIS', '020300'),
('020323', 'COLQUIOC', '020300'),
('020324', 'LA PRIMAVERA', '020300'),
('020325', 'HUALLANCA', '020300'),
('020401', 'CARHUAZ', '020400'),
('020402', 'ACOPAMPA', '020400'),
('020403', 'AMASHCA', '020400'),
('020404', 'ANTA', '020400'),
('020405', 'ATAQUERO', '020400'),
('020406', 'MARCARA', '020400'),
('020407', 'PARIAHUANCA', '020400'),
('020408', 'SAN MIGUEL DE ACO', '020400'),
('020409', 'SHILLA', '020400'),
('020410', 'TINCO', '020400'),
('020411', 'YUNGAR', '020400'),
('020501', 'CASMA', '020500'),
('020502', 'BUENA VISTA ALTA', '020500'),
('020503', 'COMANDANTE NOEL', '020500'),
('020505', 'YAUTAN', '020500'),
('020601', 'CORONGO', '020600'),
('020602', 'ACO', '020600'),
('020603', 'BAMBAS', '020600'),
('020604', 'CUSCA', '020600'),
('020605', 'LA PAMPA', '020600'),
('020606', 'YANAC', '020600'),
('020607', 'YUPAN', '020600'),
('020701', 'CARAZ', '020700'),
('020702', 'HUALLANCA', '020700'),
('020703', 'HUATA', '020700'),
('020704', 'HUAYLAS', '020700'),
('020705', 'MATO', '020700'),
('020706', 'PAMPAROMAS', '020700'),
('020707', 'PUEBLO LIBRE', '020700'),
('020708', 'SANTA CRUZ', '020700'),
('020709', 'YURACMARCA', '020700'),
('020710', 'SANTO TORIBIO', '020700'),
('020801', 'HUARI', '020800'),
('020802', 'CAJAY', '020800'),
('020803', 'CHAVIN DE HUANTAR', '020800'),
('020804', 'HUACACHI', '020800'),
('020805', 'HUACHIS', '020800'),
('020806', 'HUACCHIS', '020800'),
('020807', 'HUANTAR', '020800'),
('020808', 'MASIN', '020800'),
('020809', 'PAUCAS', '020800'),
('020810', 'PONTO', '020800'),
('020811', 'RAHUAPAMPA', '020800'),
('020812', 'RAPAYAN', '020800'),
('020813', 'SAN MARCOS', '020800'),
('020814', 'SAN PEDRO DE CHANA', '020800'),
('020815', 'UCO', '020800'),
('020816', 'ANRA', '020800'),
('020901', 'PISCOBAMBA', '020900'),
('020902', 'CASCA', '020900'),
('020903', 'LUCMA', '020900'),
('020904', 'FIDEL OLIVAS ESCUDERO', '020900'),
('020905', 'LLAMA', '020900'),
('020906', 'LLUMPA', '020900'),
('020907', 'MUSGA', '020900'),
('020908', 'ELEAZAR GUZMAN BARRON', '020900'),
('021001', 'CABANA', '021000'),
('021002', 'BOLOGNESI', '021000'),
('021003', 'CONCHUCOS', '021000'),
('021004', 'HUACASCHUQUE', '021000'),
('021005', 'HUANDOVAL', '021000'),
('021006', 'LACABAMBA', '021000'),
('021007', 'LLAPO', '021000'),
('021008', 'PALLASCA', '021000'),
('021009', 'PAMPAS', '021000'),
('021010', 'SANTA ROSA', '021000'),
('021011', 'TAUCA', '021000'),
('021101', 'POMABAMBA', '021100'),
('021102', 'HUAYLLAN', '021100'),
('021103', 'PAROBAMBA', '021100'),
('021104', 'QUINUABAMBA', '021100'),
('021201', 'RECUAY', '021200'),
('021202', 'COTAPARACO', '021200'),
('021203', 'HUAYLLAPAMPA', '021200'),
('021204', 'MARCA', '021200'),
('021205', 'PAMPAS CHICO', '021200'),
('021206', 'PARARIN', '021200'),
('021207', 'TAPACOCHA', '021200'),
('021208', 'TICAPAMPA', '021200'),
('021209', 'LLACLLIN', '021200'),
('021210', 'CATAC', '021200'),
('021301', 'CHIMBOTE', '021300'),
('021302', 'CACERES DEL PERU', '021300'),
('021303', 'MACATE', '021300'),
('021304', 'MORO', '021300'),
('021305', 'NEPEÑA', '021300'),
('021306', 'SAMANCO', '021300'),
('021307', 'SANTA', '021300'),
('021308', 'COISHCO', '021300'),
('021309', 'NUEVO CHIMBOTE', '021300'),
('021401', 'SIHUAS', '021400'),
('021402', 'ALFONSO UGARTE', '021400'),
('021403', 'CHINGALPO', '021400'),
('021404', 'HUAYLLABAMBA', '021400'),
('021405', 'QUICHES', '021400'),
('021406', 'SICSIBAMBA', '021400'),
('021407', 'ACOBAMBA', '021400'),
('021408', 'CASHAPAMPA', '021400'),
('021409', 'RAGASH', '021400'),
('021410', 'SAN JUAN', '021400'),
('021501', 'YUNGAY', '021500'),
('021502', 'CASCAPARA', '021500'),
('021503', 'MANCOS', '021500'),
('021504', 'MATACOTO', '021500'),
('021505', 'QUILLO', '021500'),
('021506', 'RANRAHIRCA', '021500'),
('021507', 'SHUPLUY', '021500'),
('021508', 'YANAMA', '021500'),
('021601', 'LLAMELLIN', '021600'),
('021602', 'ACZO', '021600'),
('021603', 'CHACCHO', '021600'),
('021604', 'CHINGAS', '021600'),
('021605', 'MIRGAS', '021600'),
('021606', 'SAN JUAN DE RONTOY', '021600'),
('021701', 'SAN LUIS', '021700'),
('021702', 'YAUYA', '021700'),
('021703', 'SAN NICOLAS', '021700'),
('021801', 'CHACAS', '021800'),
('021802', 'ACOCHACA', '021800'),
('021901', 'HUARMEY', '021900'),
('021902', 'COCHAPETI', '021900'),
('021903', 'HUAYAN', '021900'),
('021904', 'MALVAS', '021900'),
('021905', 'CULEBRAS', '021900'),
('022001', 'ACAS', '022000'),
('022002', 'CAJAMARQUILLA', '022000'),
('022003', 'CARHUAPAMPA', '022000'),
('022004', 'COCHAS', '022000'),
('022005', 'CONGAS', '022000'),
('022006', 'LLIPA', '022000'),
('022007', 'OCROS', '022000'),
('022008', 'SAN CRISTOBAL DE RAJAN', '022000'),
('022009', 'SAN PEDRO', '022000'),
('022010', 'SANTIAGO DE CHILCAS', '022000'),
('030101', 'ABANCAY', '030100'),
('030102', 'CIRCA', '030100'),
('030103', 'CURAHUASI', '030100'),
('030104', 'CHACOCHE', '030100'),
('030105', 'HUANIPACA', '030100'),
('030106', 'LAMBRAMA', '030100'),
('030107', 'PICHIRHUA', '030100'),
('030108', 'SAN PEDRO DE CACHORA', '030100'),
('030109', 'TAMBURCO', '030100'),
('030201', 'CHALHUANCA', '030200'),
('030202', 'CAPAYA', '030200'),
('030203', 'CARAYBAMBA', '030200'),
('030204', 'COLCABAMBA', '030200'),
('030205', 'COTARUSE', '030200'),
('030206', 'CHAPIMARCA', '030200'),
('030207', 'HUAYLLO', '030200'),
('030208', 'LUCRE', '030200'),
('030209', 'POCOHUANCA', '030200'),
('030210', 'SAÑAYCA', '030200'),
('030211', 'SORAYA', '030200'),
('030212', 'TAPAIRIHUA', '030200'),
('030213', 'TINTAY', '030200'),
('030214', 'TORAYA', '030200'),
('030215', 'YANACA', '030200'),
('030216', 'SAN JUAN DE CHACÑA', '030200'),
('030217', 'JUSTO APU SAHUARAURA', '030200'),
('030301', 'ANDAHUAYLAS', '030300'),
('030302', 'ANDARAPA', '030300'),
('030303', 'CHIARA', '030300'),
('030304', 'HUANCARAMA', '030300'),
('030305', 'HUANCARAY', '030300'),
('030306', 'KISHUARA', '030300'),
('030307', 'PACOBAMBA', '030300'),
('030308', 'PAMPACHIRI', '030300'),
('030309', 'SAN ANTONIO DE CACHI', '030300'),
('030310', 'SAN JERONIMO', '030300'),
('030311', 'TALAVERA', '030300'),
('030312', 'TURPO', '030300'),
('030313', 'PACUCHA', '030300'),
('030314', 'POMACOCHA', '030300'),
('030315', 'SANTA MARIA DE CHICMO', '030300'),
('030316', 'TUMAY HUARACA', '030300'),
('030317', 'HUAYANA', '030300'),
('030318', 'SAN MIGUEL DE CHACCRAMPA', '030300'),
('030319', 'KAQUIABAMBA', '030300'),
('030401', 'ANTABAMBA', '030400'),
('030402', 'EL ORO', '030400'),
('030403', 'HUAQUIRCA', '030400'),
('030404', 'JUAN ESPINOZA MEDRANO', '030400'),
('030405', 'OROPESA', '030400'),
('030406', 'PACHACONAS', '030400'),
('030407', 'SABAINO', '030400'),
('030501', 'TAMBOBAMBA', '030500'),
('030502', 'COYLLURQUI', '030500'),
('030503', 'COTABAMBAS', '030500'),
('030504', 'HAQUIRA', '030500'),
('030505', 'MARA', '030500'),
('030506', 'CHALLHUAHUACHO', '030500'),
('030601', 'CHUQUIBAMBILLA', '030600'),
('030602', 'CURPAHUASI', '030600'),
('030603', 'HUAILLATI', '030600'),
('030604', 'MAMARA', '030600'),
('030605', 'MARISCAL GAMARRA', '030600'),
('030606', 'MICAELA BASTIDAS', '030600'),
('030607', 'PROGRESO', '030600'),
('030608', 'PATAYPAMPA', '030600'),
('030609', 'SAN ANTONIO', '030600'),
('030610', 'TURPAY', '030600'),
('030611', 'VILCABAMBA', '030600'),
('030612', 'VIRUNDO', '030600'),
('030613', 'SANTA ROSA', '030600'),
('030614', 'CURASCO', '030600'),
('030701', 'CHINCHEROS', '030700'),
('030702', 'ONGOY', '030700'),
('030703', 'OCOBAMBA', '030700'),
('030704', 'COCHARCAS', '030700'),
('030705', 'ANCO HUALLO', '030700'),
('030706', 'HUACCANA', '030700'),
('030707', 'URANMARCA', '030700'),
('030708', 'RANRACANCHA', '030700'),
('040101', 'AREQUIPA', '040100'),
('040102', 'CAYMA', '040100'),
('040103', 'CERRO COLORADO', '040100'),
('040104', 'CHARACATO', '040100'),
('040105', 'CHIGUATA', '040100'),
('040106', 'LA JOYA', '040100'),
('040107', 'MIRAFLORES', '040100'),
('040108', 'MOLLEBAYA', '040100'),
('040109', 'PAUCARPATA', '040100'),
('040110', 'POCSI', '040100'),
('040111', 'POLOBAYA', '040100'),
('040112', 'QUEQUEÑA', '040100'),
('040113', 'SABANDIA', '040100'),
('040114', 'SACHACA', '040100'),
('040115', 'SAN JUAN DE SIGUAS', '040100'),
('040116', 'SAN JUAN DE TARUCANI', '040100'),
('040117', 'SANTA ISABEL DE SIGUAS', '040100'),
('040118', 'SANTA RITA DE SIHUAS', '040100'),
('040119', 'SOCABAYA', '040100'),
('040120', 'TIABAYA', '040100'),
('040121', 'UCHUMAYO', '040100'),
('040122', 'VITOR', '040100'),
('040123', 'YANAHUARA', '040100'),
('040124', 'YARABAMBA', '040100'),
('040125', 'YURA', '040100'),
('040126', 'MARIANO MELGAR', '040100'),
('040127', 'JACOBO HUNTER', '040100'),
('040128', 'ALTO SELVA ALEGRE', '040100'),
('040129', 'JOSE LUIS BUSTAMANTE Y RIVERO', '040100'),
('040201', 'CHIVAY', '040200'),
('040202', 'ACHOMA', '040200'),
('040203', 'CABANACONDE', '040200'),
('040204', 'CAYLLOMA', '040200'),
('040205', 'CALLALLI', '040200'),
('040206', 'COPORAQUE', '040200'),
('040207', 'HUAMBO', '040200'),
('040208', 'HUANCA', '040200'),
('040209', 'ICHUPAMPA', '040200'),
('040210', 'LARI', '040200'),
('040211', 'LLUTA', '040200'),
('040212', 'MACA', '040200'),
('040213', 'MADRIGAL', '040200'),
('040214', 'SAN ANTONIO DE CHUCA', '040200'),
('040215', 'SIBAYO', '040200'),
('040216', 'TAPAY', '040200'),
('040217', 'TISCO', '040200'),
('040218', 'TUTI', '040200'),
('040219', 'YANQUE', '040200'),
('040220', 'MAJES', '040200'),
('040301', 'CAMANA', '040300'),
('040302', 'JOSE MARIA QUIMPER', '040300'),
('040303', 'MARIANO NICOLAS VALCARCEL', '040300'),
('040304', 'MARISCAL CACERES', '040300'),
('040305', 'NICOLAS DE PIEROLA', '040300'),
('040306', 'OCOÑA', '040300'),
('040307', 'QUILCA', '040300'),
('040308', 'SAMUEL PASTOR', '040300'),
('040401', 'CARAVELI', '040400'),
('040402', 'ACARI', '040400'),
('040403', 'ATICO', '040400'),
('040404', 'ATIQUIPA', '040400'),
('040405', 'BELLA UNION', '040400'),
('040406', 'CAHUACHO', '040400'),
('040407', 'CHALA', '040400'),
('040408', 'CHAPARRA', '040400'),
('040409', 'HUANUHUANU', '040400'),
('040410', 'JAQUI', '040400'),
('040411', 'LOMAS', '040400'),
('040412', 'QUICACHA', '040400'),
('040413', 'YAUCA', '040400'),
('040501', 'APLAO', '040500'),
('040502', 'ANDAGUA', '040500'),
('040503', 'AYO', '040500'),
('040504', 'CHACHAS', '040500'),
('040505', 'CHILCAYMARCA', '040500'),
('040506', 'CHOCO', '040500'),
('040507', 'HUANCARQUI', '040500'),
('040508', 'MACHAGUAY', '040500'),
('040509', 'ORCOPAMPA', '040500'),
('040510', 'PAMPACOLCA', '040500'),
('040511', 'TIPAN', '040500'),
('040512', 'URACA', '040500'),
('040513', 'UÑON', '040500'),
('040514', 'VIRACO', '040500'),
('040601', 'CHUQUIBAMBA', '040600'),
('040602', 'ANDARAY', '040600'),
('040603', 'CAYARANI', '040600'),
('040604', 'CHICHAS', '040600'),
('040605', 'IRAY', '040600'),
('040606', 'SALAMANCA', '040600'),
('040607', 'YANAQUIHUA', '040600'),
('040608', 'RIO GRANDE', '040600'),
('040701', 'MOLLENDO', '040700'),
('040702', 'COCACHACRA', '040700'),
('040703', 'DEAN VALDIVIA', '040700'),
('040704', 'ISLAY', '040700'),
('040705', 'MEJIA', '040700'),
('040706', 'PUNTA DE BOMBON', '040700'),
('040801', 'COTAHUASI', '040800'),
('040802', 'ALCA', '040800'),
('040803', 'CHARCANA', '040800'),
('040804', 'HUAYNACOTAS', '040800'),
('040805', 'PAMPAMARCA', '040800'),
('040806', 'PUYCA', '040800'),
('040807', 'QUECHUALLA', '040800'),
('040808', 'SAYLA', '040800'),
('040809', 'TAURIA', '040800'),
('040810', 'TOMEPAMPA', '040800'),
('040811', 'TORO', '040800'),
('050101', 'AYACUCHO', '050100'),
('050102', 'ACOS VINCHOS', '050100'),
('050103', 'CARMEN ALTO', '050100'),
('050104', 'CHIARA', '050100'),
('050105', 'QUINUA', '050100'),
('050106', 'SAN JOSE DE TICLLAS', '050100'),
('050107', 'SAN JUAN BAUTISTA', '050100'),
('050108', 'SANTIAGO DE PISCHA', '050100'),
('050109', 'VINCHOS', '050100'),
('050110', 'TAMBILLO', '050100'),
('050111', 'ACOCRO', '050100'),
('050112', 'SOCOS', '050100'),
('050113', 'OCROS', '050100'),
('050114', 'PACAYCASA', '050100'),
('050115', 'JESUS NAZARENO', '050100'),
('050201', 'CANGALLO', '050200'),
('050204', 'CHUSCHI', '050200'),
('050206', 'LOS MOROCHUCOS', '050200'),
('050207', 'PARAS', '050200'),
('050208', 'TOTOS', '050200'),
('050211', 'MARIA PARADO DE BELLIDO', '050200'),
('050301', 'HUANTA', '050300'),
('050302', 'AYAHUANCO', '050300'),
('050303', 'HUAMANGUILLA', '050300'),
('050304', 'IGUAIN', '050300'),
('050305', 'LURICOCHA', '050300'),
('050307', 'SANTILLANA', '050300'),
('050308', 'SIVIA', '050300'),
('050309', 'LLOCHEGUA', '050300'),
('050401', 'SAN MIGUEL', '050400'),
('050402', 'ANCO', '050400'),
('050403', 'AYNA', '050400'),
('050404', 'CHILCAS', '050400'),
('050405', 'CHUNGUI', '050400'),
('050406', 'TAMBO', '050400'),
('050407', 'LUIS CARRANZA', '050400'),
('050408', 'SANTA ROSA', '050400'),
('050409', 'SAMUGARI', '050400'),
('050501', 'PUQUIO', '050500'),
('050502', 'AUCARA', '050500'),
('050503', 'CABANA', '050500'),
('050504', 'CARMEN SALCEDO', '050500'),
('050506', 'CHAVIÑA', '050500'),
('050508', 'CHIPAO', '050500'),
('050510', 'HUAC-HUAS', '050500'),
('050511', 'LARAMATE', '050500'),
('050512', 'LEONCIO PRADO', '050500'),
('050513', 'LUCANAS', '050500'),
('050514', 'LLAUTA', '050500'),
('050516', 'OCAÑA', '050500'),
('050517', 'OTOCA', '050500'),
('050520', 'SANCOS', '050500'),
('050521', 'SAN JUAN', '050500'),
('050522', 'SAN PEDRO', '050500'),
('050524', 'SANTA ANA DE HUAYCAHUACHO', '050500'),
('050525', 'SANTA LUCIA', '050500'),
('050529', 'SAISA', '050500'),
('050531', 'SAN PEDRO DE PALCO', '050500'),
('050532', 'SAN CRISTOBAL', '050500'),
('050601', 'CORACORA', '050600'),
('050604', 'CORONEL CASTAÑEDA', '050600'),
('050605', 'CHUMPI', '050600'),
('050608', 'PACAPAUSA', '050600'),
('050611', 'PULLO', '050600'),
('050612', 'PUYUSCA', '050600'),
('050615', 'SAN FRANCISCO DE RAVACAYCO', '050600'),
('050616', 'UPAHUACHO', '050600'),
('050701', 'HUANCAPI', '050700'),
('050702', 'ALCAMENCA', '050700'),
('050703', 'APONGO', '050700'),
('050704', 'CANARIA', '050700'),
('050706', 'CAYARA', '050700'),
('050707', 'COLCA', '050700'),
('050708', 'HUALLA', '050700'),
('050709', 'HUAMANQUIQUIA', '050700'),
('050710', 'HUANCARAYLLA', '050700'),
('050713', 'SARHUA', '050700'),
('050714', 'VILCANCHOS', '050700'),
('050715', 'ASQUIPATA', '050700'),
('050801', 'SANCOS', '050800'),
('050802', 'SACSAMARCA', '050800'),
('050803', 'SANTIAGO DE LUCANAMARCA', '050800'),
('050804', 'CARAPO', '050800'),
('050901', 'VILCAS HUAMAN', '050900'),
('050902', 'VISCHONGO', '050900'),
('050903', 'ACCOMARCA', '050900'),
('050904', 'CARHUANCA', '050900'),
('050905', 'CONCEPCION', '050900'),
('050906', 'HUAMBALPA', '050900'),
('050907', 'SAURAMA', '050900'),
('050908', 'INDEPENDENCIA', '050900'),
('051001', 'PAUSA', '051000'),
('051002', 'COLTA', '051000'),
('051003', 'CORCULLA', '051000'),
('051004', 'LAMPA', '051000'),
('051005', 'MARCABAMBA', '051000'),
('051006', 'OYOLO', '051000'),
('051007', 'PARARCA', '051000'),
('051008', 'SAN JAVIER DE ALPABAMBA', '051000'),
('051009', 'SAN JOSE DE USHUA', '051000'),
('051010', 'SARA SARA', '051000'),
('051101', 'QUEROBAMBA', '051100'),
('051102', 'BELEN', '051100'),
('051103', 'CHALCOS', '051100'),
('051104', 'SAN SALVADOR DE QUIJE', '051100'),
('051105', 'PAICO', '051100'),
('051106', 'SANTIAGO DE PAUCARAY', '051100'),
('051107', 'SAN PEDRO DE LARCAY', '051100'),
('051108', 'SORAS', '051100'),
('051109', 'HUACAÑA', '051100'),
('051110', 'CHILCAYOC', '051100'),
('051111', 'MORCOLLA', '051100'),
('060101', 'CAJAMARCA', '060100'),
('060102', 'ASUNCION', '060100'),
('060103', 'COSPAN', '060100'),
('060104', 'CHETILLA', '060100'),
('060105', 'ENCAÑADA', '060100'),
('060106', 'JESUS', '060100'),
('060107', 'LOS BAÑOS DEL INCA', '060100'),
('060108', 'LLACANORA', '060100'),
('060109', 'MAGDALENA', '060100'),
('060110', 'MATARA', '060100'),
('060111', 'NAMORA', '060100'),
('060112', 'SAN JUAN', '060100'),
('060201', 'CAJABAMBA', '060200'),
('060202', 'CACHACHI', '060200'),
('060203', 'CONDEBAMBA', '060200'),
('060205', 'SITACOCHA', '060200'),
('060301', 'CELENDIN', '060300'),
('060302', 'CORTEGANA', '060300'),
('060303', 'CHUMUCH', '060300'),
('060304', 'HUASMIN', '060300'),
('060305', 'JORGE CHAVEZ', '060300'),
('060306', 'JOSE GALVEZ', '060300'),
('060307', 'MIGUEL IGLESIAS', '060300'),
('060308', 'OXAMARCA', '060300'),
('060309', 'SOROCHUCO', '060300'),
('060310', 'SUCRE', '060300'),
('060311', 'UTCO', '060300'),
('060312', 'LA LIBERTAD DE PALLAN', '060300'),
('060401', 'CONTUMAZA', '060400'),
('060403', 'CHILETE', '060400'),
('060404', 'GUZMANGO', '060400'),
('060405', 'SAN BENITO', '060400'),
('060406', 'CUPISNIQUE', '060400'),
('060407', 'TANTARICA', '060400'),
('060408', 'YONAN', '060400'),
('060409', 'SANTA CRUZ DE TOLED', '060400'),
('060501', 'CUTERVO', '060500'),
('060502', 'CALLAYUC', '060500'),
('060503', 'CUJILLO', '060500'),
('060504', 'CHOROS', '060500'),
('060505', 'LA RAMADA', '060500'),
('060506', 'PIMPINGOS', '060500'),
('060507', 'QUEROCOTILLO', '060500'),
('060508', 'SAN ANDRES DE CUTERVO', '060500'),
('060509', 'SAN JUAN DE CUTERVO', '060500'),
('060510', 'SAN LUIS DE LUCMA', '060500'),
('060511', 'SANTA CRUZ', '060500'),
('060512', 'SANTO DOMINGO DE LA CAPILLA', '060500'),
('060513', 'SANTO TOMAS', '060500'),
('060514', 'SOCOTA', '060500'),
('060515', 'TORIBIO CASANOVA', '060500'),
('060601', 'CHOTA', '060600'),
('060602', 'ANGUIA', '060600'),
('060603', 'COCHABAMBA', '060600'),
('060604', 'CONCHAN', '060600'),
('060605', 'CHADIN', '060600'),
('060606', 'CHIGUIRIP', '060600'),
('060607', 'CHIMBAN', '060600'),
('060608', 'HUAMBOS', '060600'),
('060609', 'LAJAS', '060600'),
('060610', 'LLAMA', '060600'),
('060611', 'MIRACOSTA', '060600'),
('060612', 'PACCHA', '060600'),
('060613', 'PION', '060600'),
('060614', 'QUEROCOTO', '060600'),
('060615', 'TACABAMBA', '060600'),
('060616', 'TOCMOCHE', '060600'),
('060617', 'SAN JUAN DE LICUPIS', '060600'),
('060618', 'CHOROPAMPA', '060600'),
('060619', 'CHALAMARCA', '060600'),
('060701', 'BAMBAMARCA', '060700'),
('060702', 'CHUGUR', '060700'),
('060703', 'HUALGAYOC', '060700'),
('060801', 'JAEN', '060800'),
('060802', 'BELLAVISTA', '060800'),
('060803', 'COLASAY', '060800'),
('060804', 'CHONTALI', '060800'),
('060805', 'POMAHUACA', '060800'),
('060806', 'PUCARA', '060800'),
('060807', 'SALLIQUE', '060800'),
('060808', 'SAN FELIPE', '060800'),
('060809', 'SAN JOSE DEL ALTO', '060800'),
('060810', 'SANTA ROSA', '060800'),
('060811', 'LAS PIRIAS', '060800'),
('060812', 'HUABAL', '060800'),
('060901', 'SANTA CRUZ', '060900'),
('060902', 'CATACHE', '060900'),
('060903', 'CHANCAYBAÑOS', '060900'),
('060904', 'LA ESPERANZA', '060900'),
('060905', 'NINABAMBA', '060900'),
('060906', 'PULAN', '060900'),
('060907', 'SEXI', '060900'),
('060908', 'UTICYACU', '060900'),
('060909', 'YAUYUCAN', '060900'),
('060910', 'ANDABAMBA', '060900'),
('060911', 'SAUCEPAMPA', '060900'),
('061001', 'SAN MIGUEL', '061000'),
('061002', 'CALQUIS', '061000'),
('061003', 'LA FLORIDA', '061000'),
('061004', 'LLAPA', '061000'),
('061005', 'NANCHOC', '061000'),
('061006', 'NIEPOS', '061000'),
('061007', 'SAN GREGORIO', '061000'),
('061008', 'SAN SILVESTRE DE COCHAN', '061000'),
('061009', 'EL PRADO', '061000'),
('061010', 'UNION AGUA BLANCA', '061000'),
('061011', 'TONGOD', '061000'),
('061012', 'CATILLUC', '061000'),
('061013', 'BOLIVAR', '061000'),
('061101', 'SAN IGNACIO', '061100'),
('061102', 'CHIRINOS', '061100'),
('061103', 'HUARANGO', '061100'),
('061104', 'NAMBALLE', '061100'),
('061105', 'LA COIPA', '061100'),
('061106', 'SAN JOSE DE LOURDES', '061100'),
('061107', 'TABACONAS', '061100'),
('061201', 'PEDRO GALVEZ', '061200'),
('061202', 'ICHOCAN', '061200'),
('061203', 'GREGORIO PITA', '061200'),
('061204', 'JOSE MANUEL QUIROZ', '061200'),
('061205', 'EDUARDO VILLANUEVA', '061200'),
('061206', 'JOSE SABOGAL', '061200'),
('061207', 'CHANCAY', '061200'),
('061301', 'SAN PABLO', '061300'),
('061302', 'SAN BERNARDINO', '061300'),
('061303', 'SAN LUIS', '061300'),
('061304', 'TUMBADEN', '061300'),
('070101', 'CUSCO', '070100'),
('070102', 'CCORCA', '070100'),
('070103', 'POROY', '070100'),
('070104', 'SAN JERONIMO', '070100'),
('070105', 'SAN SEBASTIAN', '070100'),
('070106', 'SANTIAGO', '070100'),
('070107', 'SAYLLA', '070100'),
('070108', 'WANCHAQ', '070100'),
('070201', 'ACOMAYO', '070200'),
('070202', 'ACOPIA', '070200'),
('070203', 'ACOS', '070200'),
('070204', 'POMACANCHI', '070200'),
('070205', 'RONDOCAN', '070200'),
('070206', 'SANGARARA', '070200'),
('070207', 'MOSOC LLACTA', '070200'),
('070301', 'ANTA', '070300'),
('070302', 'CHINCHAYPUJIO', '070300'),
('070303', 'HUAROCONDO', '070300'),
('070304', 'LIMATAMBO', '070300'),
('070305', 'MOLLEPATA', '070300'),
('070306', 'PUCYURA', '070300'),
('070307', 'ZURITE', '070300'),
('070308', 'CACHIMAYO', '070300'),
('070309', 'ANCAHUASI', '070300'),
('070401', 'CALCA', '070400'),
('070402', 'COYA', '070400'),
('070403', 'LAMAY', '070400'),
('070404', 'LARES', '070400'),
('070405', 'PISAC', '070400'),
('070406', 'SAN SALVADOR', '070400'),
('070407', 'TARAY', '070400'),
('070408', 'YANATILE', '070400'),
('070501', 'YANAOCA', '070500'),
('070502', 'CHECCA', '070500'),
('070503', 'KUNTURKANKI', '070500'),
('070504', 'LANGUI', '070500'),
('070505', 'LAYO', '070500'),
('070506', 'PAMPAMARCA', '070500'),
('070507', 'QUEHUE', '070500'),
('070508', 'TUPAC AMARU', '070500'),
('070601', 'SICUANI', '070600'),
('070602', 'COMBAPATA', '070600'),
('070603', 'CHECACUPE', '070600'),
('070604', 'MARANGANI', '070600'),
('070605', 'PITUMARCA', '070600'),
('070606', 'SAN PABLO', '070600'),
('070607', 'SAN PEDRO', '070600'),
('070608', 'TINTA', '070600'),
('070701', 'SANTO TOMAS', '070700'),
('070702', 'CAPACMARCA', '070700'),
('070703', 'COLQUEMARCA', '070700'),
('070704', 'CHAMACA', '070700'),
('070705', 'LIVITACA', '070700'),
('070706', 'LLUSCO', '070700'),
('070707', 'QUIÑOTA', '070700'),
('070708', 'VELILLE', '070700'),
('070801', 'ESPINAR', '070800'),
('070802', 'CONDOROMA', '070800'),
('070803', 'COPORAQUE', '070800'),
('070804', 'OCORURO', '070800'),
('070805', 'PALLPATA', '070800'),
('070806', 'PICHIGUA', '070800'),
('070807', 'SUYCKUTAMBO', '070800'),
('070808', 'ALTO PICHIGUA', '070800'),
('070901', 'SANTA ANA', '070900'),
('070902', 'ECHARATE', '070900'),
('070903', 'HUAYOPATA', '070900'),
('070904', 'MARANURA', '070900'),
('070905', 'OCOBAMBA', '070900'),
('070906', 'SANTA TERESA', '070900'),
('070907', 'VILCABAMBA', '070900'),
('070908', 'QUELLOUNO', '070900'),
('070909', 'KIMBIRI', '070900'),
('070910', 'PICHARI', '070900'),
('071001', 'PARURO', '071000'),
('071002', 'ACCHA', '071000'),
('071003', 'CCAPI', '071000'),
('071004', 'COLCHA', '071000'),
('071005', 'HUANOQUITE', '071000'),
('071006', 'OMACHA', '071000'),
('071007', 'YAURISQUE', '071000'),
('071008', 'PACCARITAMBO', '071000'),
('071009', 'PILLPINTO', '071000'),
('071101', 'PAUCARTAMBO', '071100'),
('071102', 'CAICAY', '071100'),
('071103', 'COLQUEPATA', '071100'),
('071104', 'CHALLABAMBA', '071100'),
('071105', 'KOSÑIPATA', '071100'),
('071106', 'HUANCARANI', '071100'),
('071201', 'URCOS', '071200'),
('071202', 'ANDAHUAYLILLAS', '071200'),
('071203', 'CAMANTI', '071200'),
('071204', 'CCARHUAYO', '071200'),
('071205', 'CCATCA', '071200'),
('071206', 'CUSIPATA', '071200'),
('071207', 'HUARO', '071200'),
('071208', 'LUCRE', '071200'),
('071209', 'MARCAPATA', '071200'),
('071210', 'OCONGATE', '071200'),
('071211', 'OROPESA', '071200'),
('071212', 'QUIQUIJANA', '071200'),
('071301', 'URUBAMBA', '071300'),
('071302', 'CHINCHERO', '071300'),
('071303', 'HUAYLLABAMBA', '071300'),
('071304', 'MACHUPICCHU', '071300'),
('071305', 'MARAS', '071300'),
('071306', 'OLLANTAYTAMBO', '071300'),
('071307', 'YUCAY', '071300'),
('080101', 'HUANCAVELICA', '080100'),
('080102', 'ACOBAMBILLA', '080100'),
('080103', 'ACORIA', '080100'),
('080104', 'CONAYCA', '080100'),
('080105', 'CUENCA', '080100'),
('080106', 'HUACHOCOLPA', '080100'),
('080108', 'HUAYLLAHUARA', '080100'),
('080109', 'IZCUCHACA', '080100'),
('080110', 'LARIA', '080100'),
('080111', 'MANTA', '080100'),
('080112', 'MARISCAL CACERES', '080100'),
('080113', 'MOYA', '080100'),
('080114', 'NUEVO OCCORO', '080100'),
('080115', 'PALCA', '080100'),
('080116', 'PILCHACA', '080100'),
('080117', 'VILCA', '080100'),
('080118', 'YAULI', '080100'),
('080119', 'ASCENSION', '080100'),
('080120', 'HUANDO', '080100'),
('080201', 'ACOBAMBA', '080200'),
('080202', 'ANTA', '080200'),
('080203', 'ANDABAMBA', '080200'),
('080204', 'CAJA', '080200'),
('080205', 'MARCAS', '080200'),
('080206', 'PAUCARA', '080200'),
('080207', 'POMACOCHA', '080200'),
('080208', 'ROSARIO', '080200'),
('080301', 'LIRCAY', '080300'),
('080302', 'ANCHONGA', '080300'),
('080303', 'CALLANMARCA', '080300'),
('080304', 'CONGALLA', '080300'),
('080305', 'CHINCHO', '080300'),
('080306', 'HUALLAY-GRANDE', '080300'),
('080307', 'HUANCA-HUANCA', '080300'),
('080308', 'JULCAMARCA', '080300'),
('080309', 'SAN ANTONIO DE ANTAPARCO', '080300'),
('080310', 'SANTO TOMAS DE PATA', '080300'),
('080311', 'SECCLLA', '080300'),
('080312', 'CCOCHACCASA', '080300'),
('080401', 'CASTROVIRREYNA', '080400'),
('080402', 'ARMA', '080400'),
('080403', 'AURAHUA', '080400'),
('080405', 'CAPILLAS', '080400'),
('080406', 'COCAS', '080400'),
('080408', 'CHUPAMARCA', '080400'),
('080409', 'HUACHOS', '080400'),
('080410', 'HUAMATAMBO', '080400'),
('080414', 'MOLLEPAMPA', '080400'),
('080422', 'SAN JUAN', '080400'),
('080427', 'TANTARA', '080400'),
('080428', 'TICRAPO', '080400'),
('080429', 'SANTA ANA', '080400'),
('080501', 'PAMPAS', '080500'),
('080502', 'ACOSTAMBO', '080500'),
('080503', 'ACRAQUIA', '080500'),
('080504', 'AHUAYCHA', '080500'),
('080506', 'COLCABAMBA', '080500'),
('080509', 'DANIEL HERNANDEZ', '080500'),
('080511', 'HUACHOCOLPA', '080500'),
('080512', 'HUARIBAMBA', '080500'),
('080515', 'ÑAHUIMPUQUIO', '080500'),
('080517', 'PAZOS', '080500'),
('080518', 'QUISHUAR', '080500'),
('080519', 'SALCABAMBA', '080500'),
('080520', 'SAN MARCOS DE ROCCHAC', '080500'),
('080523', 'SURCUBAMBA', '080500'),
('080525', 'TINTAY PUNCU', '080500'),
('080526', 'SALCAHUASI', '080500'),
('080601', 'AYAVI', '080600'),
('080602', 'CORDOVA', '080600'),
('080603', 'HUAYACUNDO ARMA', '080600'),
('080604', 'HUAYTARA', '080600'),
('080605', 'LARAMARCA', '080600'),
('080606', 'OCOYO', '080600'),
('080607', 'PILPICHACA', '080600'),
('080608', 'QUERCO', '080600'),
('080609', 'QUITO ARMA', '080600'),
('080610', 'SAN ANTONIO DE CUSICANCHA', '080600'),
('080611', 'SAN FRANCISCO DE SANGAYAICO', '080600'),
('080612', 'SAN ISIDRO', '080600'),
('080613', 'SANTIAGO DE CHOCORVOS', '080600'),
('080614', 'SANTIAGO DE QUIRAHUARA', '080600'),
('080615', 'SANTO DOMINGO DE CAPILLAS', '080600'),
('080616', 'TAMBO', '080600'),
('080701', 'CHURCAMPA', '080700'),
('080702', 'ANCO', '080700'),
('080703', 'CHINCHIHUASI', '080700'),
('080704', 'EL CARMEN', '080700'),
('080705', 'LA MERCED', '080700'),
('080706', 'LOCROJA', '080700'),
('080707', 'PAUCARBAMBA', '080700'),
('080708', 'SAN MIGUEL DE MAYOCC', '080700'),
('080709', 'SAN PEDRO DE CORIS', '080700'),
('080710', 'PACHAMARCA', '080700'),
('080711', 'COSME', '080700'),
('090101', 'HUANUCO', '090100'),
('090102', 'CHINCHAO', '090100'),
('090103', 'CHURUBAMBA', '090100'),
('090104', 'MARGOS', '090100'),
('090105', 'QUISQUI', '090100'),
('090106', 'SAN FRANCISCO DE CAYRAN', '090100'),
('090107', 'SAN PEDRO DE CHAULAN', '090100'),
('090108', 'SANTA MARIA DEL VALLE', '090100'),
('090109', 'YARUMAYO', '090100'),
('090110', 'AMARILIS', '090100'),
('090111', 'PILLCO MARCA', '090100'),
('090112', 'YACUS', '090100'),
('090201', 'AMBO', '090200'),
('090202', 'CAYNA', '090200'),
('090203', 'COLPAS', '090200'),
('090204', 'CONCHAMARCA', '090200'),
('090205', 'HUACAR', '090200'),
('090206', 'SAN FRANCISCO', '090200'),
('090207', 'SAN RAFAEL', '090200'),
('090208', 'TOMAY-KICHWA', '090200'),
('090301', 'LA UNION', '090300'),
('090307', 'CHUQUIS', '090300'),
('090312', 'MARIAS', '090300'),
('090314', 'PACHAS', '090300'),
('090316', 'QUIVILLA', '090300'),
('090317', 'RIPAN', '090300'),
('090321', 'SHUNQUI', '090300'),
('090322', 'SILLAPATA', '090300'),
('090323', 'YANAS', '090300'),
('090401', 'LLATA', '090400'),
('090402', 'ARANCAY', '090400'),
('090403', 'CHAVIN DE PARIARCA', '090400'),
('090404', 'JACAS GRANDE', '090400'),
('090405', 'JIRCAN', '090400'),
('090406', 'MIRAFLORES', '090400'),
('090407', 'MONZON', '090400'),
('090408', 'PUNCHAO', '090400'),
('090409', 'PUÑOS', '090400'),
('090410', 'SINGA', '090400'),
('090411', 'TANTAMAYO', '090400'),
('090501', 'HUACRACHUCO', '090500'),
('090502', 'CHOLON', '090500'),
('090505', 'SAN BUENAVENTURA', '090500'),
('090601', 'RUPA-RUPA', '090600'),
('090602', 'DANIEL ALOMIA ROBLES', '090600'),
('090603', 'HERMILIO VALDIZAN', '090600'),
('090604', 'LUYANDO', '090600'),
('090605', 'MARIANO DAMASO BERAUN', '090600'),
('090606', 'JOSE CRESPO Y CASTILLO', '090600'),
('090701', 'PANAO', '090700'),
('090702', 'CHAGLLA', '090700'),
('090704', 'MOLINO', '090700'),
('090706', 'UMARI', '090700'),
('090801', 'HONORIA', '090800'),
('090802', 'PUERTO INCA', '090800'),
('090803', 'CODO DEL POZUZO', '090800'),
('090804', 'TOURNAVISTA', '090800'),
('090805', 'YUYAPICHIS', '090800'),
('090901', 'HUACAYBAMBA', '090900'),
('090902', 'PINRA', '090900'),
('090903', 'CANCHABAMBA', '090900'),
('090904', 'COCHABAMBA', '090900'),
('091001', 'JESUS', '091000'),
('091002', 'BAÑOS', '091000'),
('091003', 'SAN FRANCISCO DE ASIS', '091000'),
('091004', 'QUEROPALCA', '091000'),
('091005', 'SAN MIGUEL DE CAURI', '091000'),
('091006', 'RONDOS', '091000'),
('091007', 'JIVIA', '091000'),
('091101', 'CHAVINILLO', '091100'),
('091102', 'APARICIO POMARES', '091100'),
('091103', 'CAHUAC', '091100'),
('091104', 'CHACABAMBA', '091100'),
('091105', 'JACAS CHICO', '091100'),
('091106', 'OBAS', '091100'),
('091107', 'PAMPAMARCA', '091100'),
('091108', 'CHORAS', '091100'),
('100101', 'ICA', '100100'),
('100102', 'LA TINGUIÑA', '100100'),
('100103', 'LOS AQUIJES', '100100'),
('100104', 'PARCONA', '100100'),
('100105', 'PUEBLO NUEVO', '100100'),
('100106', 'SALAS', '100100'),
('100107', 'SAN JOSE DE LOS MOLINOS', '100100'),
('100108', 'SAN JUAN BAUTISTA', '100100'),
('100109', 'SANTIAGO', '100100'),
('100110', 'SUBTANJALLA', '100100'),
('100111', 'YAUCA DEL ROSARIO', '100100'),
('100112', 'TATE', '100100'),
('100113', 'PACHACUTEC', '100100'),
('100114', 'OCUCAJE', '100100'),
('100201', 'CHINCHA ALTA', '100200'),
('100202', 'CHAVIN', '100200'),
('100203', 'CHINCHA BAJA', '100200'),
('100204', 'EL CARMEN', '100200'),
('100205', 'GROCIO PRADO', '100200'),
('100206', 'SAN PEDRO DE HUACARPANA', '100200'),
('100207', 'SUNAMPE', '100200'),
('100208', 'TAMBO DE MORA', '100200'),
('100209', 'ALTO LARAN', '100200'),
('100210', 'PUEBLO NUEVO', '100200'),
('100211', 'SAN JUAN DE YANAC', '100200'),
('100301', 'NAZCA', '100300'),
('100302', 'CHANGUILLO', '100300'),
('100303', 'EL INGENIO', '100300'),
('100304', 'MARCONA', '100300'),
('100305', 'VISTA ALEGRE', '100300'),
('100401', 'PISCO', '100400'),
('100402', 'HUANCANO', '100400')
GO

INSERT INTO DISTRITO VALUES
('100403', 'HUMAY', '100400'),
('100404', 'INDEPENDENCIA', '100400'),
('100405', 'PARACAS', '100400'),
('100406', 'SAN ANDRES', '100400'),
('100407', 'SAN CLEMENTE', '100400'),
('100408', 'TUPAC AMARU INCA', '100400'),
('100501', 'PALPA', '100500'),
('100502', 'LLIPATA', '100500'),
('100503', 'RIO GRANDE', '100500'),
('100504', 'SANTA CRUZ', '100500'),
('100505', 'TIBILLO', '100500'),
('110101', 'HUANCAYO', '110100'),
('110103', 'CARHUACALLANGA', '110100'),
('110104', 'COLCA', '110100'),
('110105', 'CULLHUAS', '110100'),
('110106', 'CHACAPAMPA', '110100'),
('110107', 'CHICCHE', '110100'),
('110108', 'CHILCA', '110100'),
('110109', 'CHONGOS ALTO', '110100'),
('110112', 'CHUPURO', '110100'),
('110113', 'EL TAMBO', '110100'),
('110114', 'HUACRAPUQUIO', '110100'),
('110116', 'HUALHUAS', '110100'),
('110118', 'HUANCAN', '110100'),
('110119', 'HUASICANCHA', '110100'),
('110120', 'HUAYUCACHI', '110100'),
('110121', 'INGENIO', '110100'),
('110122', 'PARIAHUANCA', '110100'),
('110123', 'PILCOMAYO', '110100'),
('110124', 'PUCARA', '110100'),
('110125', 'QUICHUAY', '110100'),
('110126', 'QUILCAS', '110100'),
('110127', 'SAN AGUSTIN', '110100'),
('110128', 'SAN JERONIMO DE TUNAN', '110100'),
('110131', 'SANTO DOMINGO DE ACOBAMBA', '110100'),
('110132', 'SAÑO', '110100'),
('110133', 'SAPALLANGA', '110100'),
('110134', 'SICAYA', '110100'),
('110136', 'VIQUES', '110100'),
('110201', 'CONCEPCION', '110200'),
('110202', 'ACO', '110200'),
('110203', 'ANDAMARCA', '110200'),
('110204', 'COMAS', '110200'),
('110205', 'COCHAS', '110200'),
('110206', 'CHAMBARA', '110200'),
('110207', 'HEROINAS TOLEDO', '110200'),
('110208', 'MANZANARES', '110200'),
('110209', 'MARISCAL CASTILLA', '110200'),
('110210', 'MATAHUASI', '110200'),
('110211', 'MITO', '110200'),
('110212', 'NUEVE DE JULIO', '110200'),
('110213', 'ORCOTUNA', '110200'),
('110214', 'SANTA ROSA DE OCOPA', '110200'),
('110215', 'SAN JOSE DE QUERO', '110200'),
('110301', 'JAUJA', '110300'),
('110302', 'ACOLLA', '110300'),
('110303', 'APATA', '110300'),
('110304', 'ATAURA', '110300'),
('110305', 'CANCHAYLLO', '110300'),
('110306', 'EL MANTARO', '110300'),
('110307', 'HUAMALI', '110300'),
('110308', 'HUARIPAMPA', '110300'),
('110309', 'HUERTAS', '110300'),
('110310', 'JANJAILLO', '110300'),
('110311', 'JULCAN', '110300'),
('110312', 'LEONOR ORDOÑEZ', '110300'),
('110313', 'LLOCLLAPAMPA', '110300'),
('110314', 'MARCO', '110300'),
('110315', 'MASMA', '110300'),
('110316', 'MOLINOS', '110300'),
('110317', 'MONOBAMBA', '110300'),
('110318', 'MUQUI', '110300'),
('110319', 'MUQUIYAUYO', '110300'),
('110320', 'PACA', '110300'),
('110321', 'PACCHA', '110300'),
('110322', 'PANCAN', '110300'),
('110323', 'PARCO', '110300'),
('110324', 'POMACANCHA', '110300'),
('110325', 'RICRAN', '110300'),
('110326', 'SAN LORENZO', '110300'),
('110327', 'SAN PEDRO DE CHUNAN', '110300'),
('110328', 'SINCOS', '110300'),
('110329', 'TUNAN MARCA', '110300'),
('110330', 'YAULI', '110300'),
('110331', 'CURICACA', '110300'),
('110332', 'MASMA CHICCHE', '110300'),
('110333', 'SAUSA', '110300'),
('110334', 'YAUYOS', '110300'),
('110401', 'JUNIN', '110400'),
('110402', 'CARHUAMAYO', '110400'),
('110403', 'ONDORES', '110400'),
('110404', 'ULCUMAYO', '110400'),
('110501', 'TARMA', '110500'),
('110502', 'ACOBAMBA', '110500'),
('110503', 'HUARICOLCA', '110500'),
('110504', 'HUASAHUASI', '110500'),
('110505', 'LA UNION', '110500'),
('110506', 'PALCA', '110500'),
('110507', 'PALCAMAYO', '110500'),
('110508', 'SAN PEDRO DE CAJAS', '110500'),
('110509', 'TAPO', '110500'),
('110601', 'LA OROYA', '110600'),
('110602', 'CHACAPALPA', '110600'),
('110603', 'HUAY HUAY', '110600'),
('110604', 'MARCAPOMACOCHA', '110600'),
('110605', 'MOROCOCHA', '110600'),
('110606', 'PACCHA', '110600'),
('110607', 'SANTA BARBARA DE CARHUACAYAN', '110600'),
('110608', 'SUITUCANCHA', '110600'),
('110609', 'YAULI', '110600'),
('110610', 'SANTA ROSA DE SACCO', '110600'),
('110701', 'SATIPO', '110700'),
('110702', 'COVIRIALI', '110700'),
('110703', 'LLAYLLA', '110700'),
('110704', 'MAZAMARI', '110700'),
('110705', 'PAMPA HERMOSA', '110700'),
('110706', 'PANGOA', '110700'),
('110707', 'RIO NEGRO', '110700'),
('110708', 'RIO TAMBO', '110700'),
('110801', 'CHANCHAMAYO', '110800'),
('110802', 'SAN RAMON', '110800'),
('110803', 'VITOC', '110800'),
('110804', 'SAN LUIS DE SHUARO', '110800'),
('110805', 'PICHANAQUI', '110800'),
('110806', 'PERENE', '110800'),
('110901', 'CHUPACA', '110900'),
('110902', 'AHUAC', '110900'),
('110903', 'CHONGOS BAJO', '110900'),
('110904', 'HUACHAC', '110900'),
('110905', 'HUAMANCACA CHICO', '110900'),
('110906', 'SAN JUAN DE YSCOS', '110900'),
('110907', 'SAN JUAN DE JARPA', '110900'),
('110908', 'TRES DE DICIEMBRE', '110900'),
('110909', 'YANACANCHA', '110900'),
('120101', 'TRUJILLO', '120100'),
('120102', 'HUANCHACO', '120100'),
('120103', 'LAREDO', '120100'),
('120104', 'MOCHE', '120100'),
('120105', 'SALAVERRY', '120100'),
('120106', 'SIMBAL', '120100'),
('120107', 'VICTOR LARCO HERRERA', '120100'),
('120109', 'POROTO', '120100'),
('120110', 'EL PORVENIR', '120100'),
('120111', 'LA ESPERANZA', '120100'),
('120112', 'FLORENCIA DE MORA', '120100'),
('120201', 'BOLIVAR', '120200'),
('120202', 'BAMBAMARCA', '120200'),
('120203', 'CONDORMARCA', '120200'),
('120204', 'LONGOTEA', '120200'),
('120205', 'UCUNCHA', '120200'),
('120206', 'UCHUMARCA', '120200'),
('120301', 'HUAMACHUCO', '120300'),
('120302', 'COCHORCO', '120300'),
('120303', 'CURGOS', '120300'),
('120304', 'CHUGAY', '120300'),
('120305', 'MARCABAL', '120300'),
('120306', 'SANAGORAN', '120300'),
('120307', 'SARIN', '120300'),
('120308', 'SARTIMBAMBA', '120300'),
('120401', 'OTUZCO', '120400'),
('120402', 'AGALLPAMPA', '120400'),
('120403', 'CHARAT', '120400'),
('120404', 'HUARANCHAL', '120400'),
('120405', 'LA CUESTA', '120400'),
('120408', 'PARANDAY', '120400'),
('120409', 'SALPO', '120400'),
('120410', 'SINSICAP', '120400'),
('120411', 'USQUIL', '120400'),
('120413', 'MACHE', '120400'),
('120501', 'SAN PEDRO DE LLOC', '120500'),
('120503', 'GUADALUPE', '120500'),
('120504', 'JEQUETEPEQUE', '120500'),
('120506', 'PACASMAYO', '120500'),
('120508', 'SAN JOSE', '120500'),
('120601', 'TAYABAMBA', '120600'),
('120602', 'BULDIBUYO', '120600'),
('120603', 'CHILLIA', '120600'),
('120604', 'HUAYLILLAS', '120600'),
('120605', 'HUANCASPATA', '120600'),
('120606', 'HUAYO', '120600'),
('120607', 'ONGON', '120600'),
('120608', 'PARCOY', '120600'),
('120609', 'PATAZ', '120600'),
('120610', 'PIAS', '120600'),
('120611', 'TAURIJA', '120600'),
('120612', 'URPAY', '120600'),
('120613', 'SANTIAGO DE CHALLAS', '120600'),
('120701', 'SANTIAGO DE CHUCO', '120700'),
('120702', 'CACHICADAN', '120700'),
('120703', 'MOLLEBAMBA', '120700'),
('120704', 'MOLLEPATA', '120700'),
('120705', 'QUIRUVILCA', '120700'),
('120706', 'SANTA CRUZ DE CHUCA', '120700'),
('120707', 'SITABAMBA', '120700'),
('120708', 'ANGASMARCA', '120700'),
('120801', 'ASCOPE', '120800'),
('120802', 'CHICAMA', '120800'),
('120803', 'CHOCOPE', '120800'),
('120804', 'SANTIAGO DE CAO', '120800'),
('120805', 'MAGDALENA DE CAO', '120800'),
('120806', 'PAIJAN', '120800'),
('120807', 'RAZURI', '120800'),
('120808', 'CASA GRANDE', '120800'),
('120901', 'CHEPEN', '120900'),
('120902', 'PACANGA', '120900'),
('120903', 'PUEBLO NUEVO', '120900'),
('121001', 'JULCAN', '121000'),
('121002', 'CARABAMBA', '121000'),
('121003', 'CALAMARCA', '121000'),
('121004', 'HUASO', '121000'),
('121101', 'CASCAS', '121100'),
('121102', 'LUCMA', '121100'),
('121103', 'MARMOT', '121100'),
('121104', 'SAYAPULLO', '121100'),
('121201', 'VIRU', '121200'),
('121202', 'CHAO', '121200'),
('121203', 'GUADALUPITO', '121200'),
('130101', 'CHICLAYO', '130100'),
('130102', 'CHONGOYAPE', '130100'),
('130103', 'ETEN', '130100'),
('130104', 'ETEN PUERTO', '130100'),
('130105', 'LAGUNAS', '130100'),
('130106', 'MONSEFU', '130100'),
('130107', 'NUEVA ARICA', '130100'),
('130108', 'OYOTUN', '130100'),
('130109', 'PICSI', '130100'),
('130110', 'PIMENTEL', '130100'),
('130111', 'REQUE', '130100'),
('130112', 'JOSE LEONARDO ORTIZ', '130100'),
('130113', 'SANTA ROSA', '130100'),
('130114', 'SAÑA', '130100'),
('130115', 'LA VICTORIA', '130100'),
('130116', 'CAYALTI', '130100'),
('130117', 'PATAPO', '130100'),
('130118', 'POMALCA', '130100'),
('130119', 'PUCALA', '130100'),
('130120', 'TUMAN', '130100'),
('130201', 'FERREÑAFE', '130200'),
('130202', 'INCAHUASI', '130200'),
('130203', 'CAÑARIS', '130200'),
('130204', 'PITIPO', '130200'),
('130205', 'PUEBLO NUEVO', '130200'),
('130206', 'MANUEL ANTONIO MESONES MURO', '130200'),
('130301', 'LAMBAYEQUE', '130300'),
('130302', 'CHOCHOPE', '130300'),
('130303', 'ILLIMO', '130300'),
('130304', 'JAYANCA', '130300'),
('130305', 'MOCHUMI', '130300'),
('130306', 'MORROPE', '130300'),
('130307', 'MOTUPE', '130300'),
('130308', 'OLMOS', '130300'),
('130309', 'PACORA', '130300'),
('130310', 'SALAS', '130300'),
('130311', 'SAN JOSE', '130300'),
('130312', 'TUCUME', '130300'),
('140101', 'LIMA', '140100'),
('140102', 'ANCON', '140100'),
('140103', 'ATE', '140100'),
('140104', 'BREÑA', '140100'),
('140105', 'CARABAYLLO', '140100'),
('140106', 'COMAS', '140100'),
('140107', 'CHACLACAYO', '140100'),
('140108', 'CHORRILLOS', '140100'),
('140109', 'LA VICTORIA', '140100'),
('140110', 'LA MOLINA', '140100'),
('140111', 'LINCE', '140100'),
('140112', 'LURIGANCHO', '140100'),
('140113', 'LURIN', '140100'),
('140114', 'MAGDALENA DEL MAR', '140100'),
('140115', 'MIRAFLORES', '140100'),
('140116', 'PACHACAMAC', '140100'),
('140117', 'PUEBLO LIBRE', '140100'),
('140118', 'PUCUSANA', '140100'),
('140119', 'PUENTE PIEDRA', '140100'),
('140120', 'PUNTA HERMOSA', '140100'),
('140121', 'PUNTA NEGRA', '140100'),
('140122', 'RIMAC', '140100'),
('140123', 'SAN BARTOLO', '140100'),
('140124', 'SAN ISIDRO', '140100'),
('140125', 'BARRANCO', '140100'),
('140126', 'SAN MARTIN DE PORRES', '140100'),
('140127', 'SAN MIGUEL', '140100'),
('140128', 'SANTA MARIA DEL MAR', '140100'),
('140129', 'SANTA ROSA', '140100'),
('140130', 'SANTIAGO DE SURCO', '140100'),
('140131', 'SURQUILLO', '140100'),
('140132', 'VILLA MARIA DEL TRIUNFO', '140100'),
('140133', 'JESUS MARIA', '140100'),
('140134', 'INDEPENDENCIA', '140100'),
('140135', 'EL AGUSTINO', '140100'),
('140136', 'SAN JUAN DE MIRAFLORES', '140100'),
('140137', 'SAN JUAN DE LURIGANCHO', '140100'),
('140138', 'SAN LUIS', '140100'),
('140139', 'CIENEGUILLA', '140100'),
('140140', 'SAN BORJA', '140100'),
('140141', 'VILLA EL SALVADOR', '140100'),
('140142', 'LOS OLIVOS', '140100'),
('140143', 'SANTA ANITA', '140100'),
('140201', 'CAJATAMBO', '140200'),
('140205', 'COPA', '140200'),
('140206', 'GORGOR', '140200'),
('140207', 'HUANCAPON', '140200'),
('140208', 'MANAS', '140200'),
('140301', 'CANTA', '140300'),
('140302', 'ARAHUAY', '140300'),
('140303', 'HUAMANTANGA', '140300'),
('140304', 'HUAROS', '140300'),
('140305', 'LACHAQUI', '140300'),
('140306', 'SAN BUENAVENTURA', '140300'),
('140307', 'SANTA ROSA DE QUIVES', '140300'),
('140401', 'SAN VICENTE DE CAÑETE', '140400'),
('140402', 'CALANGO', '140400'),
('140403', 'CERRO AZUL', '140400'),
('140404', 'COAYLLO', '140400'),
('140405', 'CHILCA', '140400'),
('140406', 'IMPERIAL', '140400'),
('140407', 'LUNAHUANA', '140400'),
('140408', 'MALA', '140400'),
('140409', 'NUEVO IMPERIAL', '140400'),
('140410', 'PACARAN', '140400'),
('140411', 'QUILMANA', '140400'),
('140412', 'SAN ANTONIO', '140400'),
('140413', 'SAN LUIS', '140400'),
('140414', 'SANTA CRUZ DE FLORES', '140400'),
('140415', 'ZUÑIGA', '140400'),
('140416', 'ASIA', '140400'),
('140501', 'HUACHO', '140500'),
('140502', 'AMBAR', '140500'),
('140504', 'CALETA DE CARQUIN', '140500'),
('140505', 'CHECRAS', '140500'),
('140506', 'HUALMAY', '140500'),
('140507', 'HUAURA', '140500'),
('140508', 'LEONCIO PRADO', '140500'),
('140509', 'PACCHO', '140500'),
('140511', 'SANTA LEONOR', '140500'),
('140512', 'SANTA MARIA', '140500'),
('140513', 'SAYAN', '140500'),
('140516', 'VEGUETA', '140500'),
('140601', 'MATUCANA', '140600'),
('140602', 'ANTIOQUIA', '140600'),
('140603', 'CALLAHUANCA', '140600'),
('140604', 'CARAMPOMA', '140600'),
('140605', 'CASTA', '140600'),
('140606', 'SAN JOSE DE LOS CHORRILLOS', '140600'),
('140607', 'CHICLA', '140600'),
('140608', 'HUANZA', '140600'),
('140609', 'HUAROCHIRI', '140600'),
('140610', 'LAHUAYTAMBO', '140600'),
('140611', 'LANGA', '140600'),
('140612', 'MARIATANA', '140600'),
('140613', 'RICARDO PALMA', '140600'),
('140614', 'SAN ANDRES DE TUPICOCHA', '140600'),
('140615', 'SAN ANTONIO', '140600'),
('140616', 'SAN BARTOLOME', '140600'),
('140617', 'SAN DAMIAN', '140600'),
('140618', 'SANGALLAYA', '140600'),
('140619', 'SAN JUAN DE TANTARANCHE', '140600'),
('140620', 'SAN LORENZO DE QUINTI', '140600'),
('140621', 'SAN MATEO', '140600'),
('140622', 'SAN MATEO DE OTAO', '140600'),
('140623', 'SAN PEDRO DE HUANCAYRE', '140600'),
('140624', 'SANTA CRUZ DE COCACHACRA', '140600'),
('140625', 'SANTA EULALIA', '140600'),
('140626', 'SANTIAGO DE ANCHUCAYA', '140600'),
('140627', 'SANTIAGO DE TUNA', '140600'),
('140628', 'SANTO DOMINGO DE LOS OLLEROS', '140600'),
('140629', 'SURCO', '140600'),
('140630', 'HUACHUPAMPA', '140600'),
('140631', 'LARAOS', '140600'),
('140632', 'SAN JUAN DE IRIS', '140600'),
('140701', 'YAUYOS', '140700'),
('140702', 'ALIS', '140700'),
('140703', 'ALLAUCA', '140700'),
('140704', 'AYAVIRI', '140700'),
('140705', 'AZANGARO', '140700'),
('140706', 'CACRA', '140700'),
('140707', 'CARANIA', '140700'),
('140708', 'COCHAS', '140700'),
('140709', 'COLONIA', '140700'),
('140710', 'CHOCOS', '140700'),
('140711', 'HUAMPARA', '140700'),
('140712', 'HUANCAYA', '140700'),
('140713', 'HUANGASCAR', '140700'),
('140714', 'HUANTAN', '140700'),
('140715', 'HUAÑEC', '140700'),
('140716', 'LARAOS', '140700'),
('140717', 'LINCHA', '140700'),
('140718', 'MIRAFLORES', '140700'),
('140719', 'OMAS', '140700'),
('140720', 'QUINCHES', '140700'),
('140721', 'QUINOCAY', '140700'),
('140722', 'SAN JOAQUIN', '140700'),
('140723', 'SAN PEDRO DE PILAS', '140700'),
('140724', 'TANTA', '140700'),
('140725', 'TAURIPAMPA', '140700'),
('140726', 'TUPE', '140700'),
('140727', 'TOMAS', '140700'),
('140728', 'VIÑAC', '140700'),
('140729', 'VITIS', '140700'),
('140730', 'HONGOS', '140700'),
('140731', 'MADEAN', '140700'),
('140732', 'PUTINZA', '140700'),
('140733', 'CATAHUASI', '140700'),
('140801', 'HUARAL', '140800'),
('140802', 'ATAVILLOS ALTO', '140800'),
('140803', 'ATAVILLOS BAJO', '140800'),
('140804', 'AUCALLAMA', '140800'),
('140805', 'CHANCAY', '140800'),
('140806', 'IHUARI', '140800'),
('140807', 'LAMPIAN', '140800'),
('140808', 'PACARAOS', '140800'),
('140809', 'SAN MIGUEL DE ACOS', '140800'),
('140810', 'VEINTISIETE DE NOVIEMBRE', '140800'),
('140811', 'SANTA CRUZ DE ANDAMARCA', '140800'),
('140812', 'SUMBILCA', '140800'),
('140901', 'BARRANCA', '140900'),
('140902', 'PARAMONGA', '140900'),
('140903', 'PATIVILCA', '140900'),
('140904', 'SUPE', '140900'),
('140905', 'SUPE PUERTO', '140900'),
('141001', 'OYON', '141000'),
('141002', 'NAVAN', '141000'),
('141003', 'CAUJUL', '141000'),
('141004', 'ANDAJES', '141000'),
('141005', 'PACHANGARA', '141000'),
('141006', 'COCHAMARCA', '141000'),
('150101', 'IQUITOS', '150100'),
('150102', 'ALTO NANAY', '150100'),
('150103', 'FERNANDO LORES', '150100'),
('150104', 'LAS AMAZONAS', '150100'),
('150105', 'MAZAN', '150100'),
('150106', 'NAPO', '150100'),
('150107', 'PUTUMAYO', '150100'),
('150108', 'TORRES CAUSANA', '150100'),
('150110', 'INDIANA', '150100'),
('150111', 'PUNCHANA', '150100'),
('150112', 'BELEN', '150100'),
('150113', 'SAN JUAN BAUTISTA', '150100'),
('150114', 'TENIENTE MANUEL CLAVERO', '150100'),
('150201', 'YURIMAGUAS', '150200'),
('150202', 'BALSAPUERTO', '150200'),
('150205', 'JEBEROS', '150200'),
('150206', 'LAGUNAS', '150200'),
('150210', 'SANTA CRUZ', '150200'),
('150211', 'TENIENTE CESAR LOPEZ ROJAS', '150200'),
('150301', 'NAUTA', '150300'),
('150302', 'PARINARI', '150300'),
('150303', 'TIGRE', '150300'),
('150304', 'URARINAS', '150300'),
('150305', 'TROMPETEROS', '150300'),
('150401', 'REQUENA', '150400'),
('150402', 'ALTO TAPICHE', '150400'),
('150403', 'CAPELO', '150400'),
('150404', 'EMILIO SAN MARTIN', '150400'),
('150405', 'MAQUIA', '150400'),
('150406', 'PUINAHUA', '150400'),
('150407', 'SAQUENA', '150400'),
('150408', 'SOPLIN', '150400'),
('150409', 'TAPICHE', '150400'),
('150410', 'JENARO HERRERA', '150400'),
('150411', 'YAQUERANA', '150400'),
('150501', 'CONTAMANA', '150500'),
('150502', 'VARGAS GUERRA', '150500'),
('150503', 'PADRE MARQUEZ', '150500'),
('150504', 'PAMPA HERMOSA', '150500'),
('150505', 'SARAYACU', '150500'),
('150506', 'INAHUAYA', '150500'),
('150601', 'RAMON CASTILLA', '150600'),
('150602', 'PEBAS', '150600'),
('150603', 'YAVARI', '150600'),
('150604', 'SAN PABLO', '150600'),
('150701', 'BARRANCA', '150700'),
('150702', 'ANDOAS', '150700'),
('150703', 'CAHUAPANAS', '150700'),
('150704', 'MANSERICHE', '150700'),
('150705', 'MORONA', '150700'),
('150706', 'PASTAZA', '150700'),
('160101', 'TAMBOPATA', '160100'),
('160102', 'INAMBARI', '160100'),
('160103', 'LAS PIEDRAS', '160100'),
('160104', 'LABERINTO', '160100'),
('160201', 'MANU', '160200'),
('160202', 'FITZCARRALD', '160200'),
('160203', 'MADRE DE DIOS', '160200'),
('160204', 'HUEPETUHE', '160200'),
('160301', 'IÑAPARI', '160300'),
('160302', 'IBERIA', '160300'),
('160303', 'TAHUAMANU', '160300'),
('170101', 'MOQUEGUA', '170100'),
('170102', 'CARUMAS', '170100'),
('170103', 'CUCHUMBAYA', '170100'),
('170104', 'SAN CRISTOBAL', '170100'),
('170105', 'TORATA', '170100'),
('170106', 'SAMEGUA', '170100'),
('170201', 'OMATE', '170200'),
('170202', 'COALAQUE', '170200'),
('170203', 'CHOJATA', '170200'),
('170204', 'ICHUÑA', '170200'),
('170205', 'LA CAPILLA', '170200'),
('170206', 'LLOQUE', '170200'),
('170207', 'MATALAQUE', '170200'),
('170208', 'PUQUINA', '170200'),
('170209', 'QUINISTAQUILLAS', '170200'),
('170210', 'UBINAS', '170200'),
('170211', 'YUNGA', '170200'),
('170301', 'ILO', '170300'),
('170302', 'EL ALGARROBAL', '170300'),
('170303', 'PACOCHA', '170300'),
('180101', 'CHAUPIMARCA', '180100'),
('180103', 'HUACHON', '180100'),
('180104', 'HUARIACA', '180100'),
('180105', 'HUAYLLAY', '180100'),
('180106', 'NINACACA', '180100'),
('180107', 'PALLANCHACRA', '180100'),
('180108', 'PAUCARTAMBO', '180100'),
('180109', 'SAN FCO DE ASIS DE YARUSYACAN', '180100'),
('180110', 'SIMON BOLIVAR', '180100'),
('180111', 'TICLACAYAN', '180100'),
('180112', 'TINYAHUARCO', '180100'),
('180113', 'VICCO', '180100'),
('180114', 'YANACANCHA', '180100'),
('180201', 'YANAHUANCA', '180200'),
('180202', 'CHACAYAN', '180200'),
('180203', 'GOYLLARISQUIZGA', '180200'),
('180204', 'PAUCAR', '180200'),
('180205', 'SAN PEDRO DE PILLAO', '180200'),
('180206', 'SANTA ANA DE TUSI', '180200'),
('180207', 'TAPUC', '180200'),
('180208', 'VILCABAMBA', '180200'),
('180301', 'OXAPAMPA', '180300'),
('180302', 'CHONTABAMBA', '180300'),
('180303', 'HUANCABAMBA', '180300'),
('180304', 'PUERTO BERMUDEZ', '180300'),
('180305', 'VILLA RICA', '180300'),
('180306', 'POZUZO', '180300'),
('180307', 'PALCAZU', '180300'),
('180308', 'CONSTITUCION', '180300'),
('190101', 'PIURA', '190100'),
('190103', 'CASTILLA', '190100'),
('190104', 'CATACAOS', '190100'),
('190105', 'LA ARENA', '190100'),
('190106', 'LA UNION', '190100'),
('190107', 'LAS LOMAS', '190100'),
('190109', 'TAMBO GRANDE', '190100'),
('190113', 'CURA MORI', '190100'),
('190114', 'EL TALLAN', '190100'),
('190115', 'VEINTISEIS DE OCTUBRE', '190100'),
('190201', 'AYABACA', '190200'),
('190202', 'FRIAS', '190200'),
('190203', 'LAGUNAS', '190200'),
('190204', 'MONTERO', '190200'),
('190205', 'PACAIPAMPA', '190200'),
('190206', 'SAPILLICA', '190200'),
('190207', 'SICCHEZ', '190200'),
('190208', 'SUYO', '190200'),
('190209', 'JILILI', '190200'),
('190210', 'PAIMAS', '190200'),
('190301', 'HUANCABAMBA', '190300'),
('190302', 'CANCHAQUE', '190300'),
('190303', 'HUARMACA', '190300'),
('190304', 'SONDOR', '190300'),
('190305', 'SONDORILLO', '190300'),
('190306', 'EL CARMEN DE LA FRONTERA', '190300'),
('190307', 'SAN MIGUEL DE EL FAIQUE', '190300'),
('190308', 'LALAQUIZ', '190300'),
('190401', 'CHULUCANAS', '190400'),
('190402', 'BUENOS AIRES', '190400'),
('190403', 'CHALACO', '190400'),
('190404', 'MORROPON', '190400'),
('190405', 'SALITRAL', '190400'),
('190406', 'SANTA CATALINA DE MOSSA', '190400'),
('190407', 'SANTO DOMINGO', '190400'),
('190408', 'LA MATANZA', '190400'),
('190409', 'YAMANGO', '190400'),
('190410', 'SAN JUAN DE BIGOTE', '190400'),
('190501', 'PAITA', '190500'),
('190502', 'AMOTAPE', '190500'),
('190503', 'ARENAL', '190500'),
('190504', 'LA HUACA', '190500'),
('190505', 'COLAN', '190500'),
('190506', 'TAMARINDO', '190500'),
('190507', 'VICHAYAL', '190500'),
('190601', 'SULLANA', '190600'),
('190602', 'BELLAVISTA', '190600'),
('190603', 'LANCONES', '190600'),
('190604', 'MARCAVELICA', '190600'),
('190605', 'MIGUEL CHECA', '190600'),
('190606', 'QUERECOTILLO', '190600'),
('190607', 'SALITRAL', '190600'),
('190608', 'IGNACIO ESCUDERO', '190600'),
('190701', 'PARIÑAS', '190700'),
('190702', 'EL ALTO', '190700'),
('190703', 'LA BREA', '190700'),
('190704', 'LOBITOS', '190700'),
('190705', 'MANCORA', '190700'),
('190706', 'LOS ORGANOS', '190700'),
('190801', 'SECHURA', '190800'),
('190802', 'VICE', '190800'),
('190803', 'BERNAL', '190800'),
('190804', 'BELLAVISTA DE LA UNION', '190800'),
('190805', 'CRISTO NOS VALGA', '190800'),
('190806', 'RINCONADA-LLICUAR', '190800'),
('200101', 'PUNO', '200100'),
('200102', 'ACORA', '200100'),
('200103', 'ATUNCOLLA', '200100'),
('200104', 'CAPACHICA', '200100'),
('200105', 'COATA', '200100'),
('200106', 'CHUCUITO', '200100'),
('200107', 'HUATA', '200100'),
('200108', 'MAÑAZO', '200100'),
('200109', 'PAUCARCOLLA', '200100'),
('200110', 'PICHACANI', '200100'),
('200111', 'SAN ANTONIO', '200100'),
('200112', 'TIQUILLACA', '200100'),
('200113', 'VILQUE', '200100'),
('200114', 'PLATERIA', '200100'),
('200115', 'AMANTANI', '200100'),
('200201', 'AZANGARO', '200200'),
('200202', 'ACHAYA', '200200'),
('200203', 'ARAPA', '200200'),
('200204', 'ASILLO', '200200'),
('200205', 'CAMINACA', '200200'),
('200206', 'CHUPA', '200200'),
('200207', 'JOSE DOMINGO CHOQUEHUANCA', '200200'),
('200208', 'MUÑANI', '200200'),
('200210', 'POTONI', '200200'),
('200212', 'SAMAN', '200200'),
('200213', 'SAN ANTON', '200200'),
('200214', 'SAN JOSE', '200200'),
('200215', 'SAN JUAN DE SALINAS', '200200'),
('200216', 'SANTIAGO DE PUPUJA', '200200'),
('200217', 'TIRAPATA', '200200'),
('200301', 'MACUSANI', '200300'),
('200302', 'AJOYANI', '200300'),
('200303', 'AYAPATA', '200300'),
('200304', 'COASA', '200300'),
('200305', 'CORANI', '200300'),
('200306', 'CRUCERO', '200300'),
('200307', 'ITUATA', '200300'),
('200308', 'OLLACHEA', '200300'),
('200309', 'SAN GABAN', '200300'),
('200310', 'USICAYOS', '200300'),
('200401', 'JULI', '200400'),
('200402', 'DESAGUADERO', '200400'),
('200403', 'HUACULLANI', '200400'),
('200406', 'PISACOMA', '200400'),
('200407', 'POMATA', '200400'),
('200410', 'ZEPITA', '200400'),
('200412', 'KELLUYO', '200400'),
('200501', 'HUANCANE', '200500'),
('200502', 'COJATA', '200500'),
('200504', 'INCHUPALLA', '200500'),
('200506', 'PUSI', '200500'),
('200507', 'ROSASPATA', '200500'),
('200508', 'TARACO', '200500'),
('200509', 'VILQUE CHICO', '200500'),
('200511', 'HUATASANI', '200500'),
('200601', 'LAMPA', '200600'),
('200602', 'CABANILLA', '200600'),
('200603', 'CALAPUJA', '200600'),
('200604', 'NICASIO', '200600'),
('200605', 'OCUVIRI', '200600'),
('200606', 'PALCA', '200600'),
('200607', 'PARATIA', '200600'),
('200608', 'PUCARA', '200600'),
('200609', 'SANTA LUCIA', '200600'),
('200610', 'VILAVILA', '200600'),
('200701', 'AYAVIRI', '200700'),
('200702', 'ANTAUTA', '200700'),
('200703', 'CUPI', '200700'),
('200704', 'LLALLI', '200700'),
('200705', 'MACARI', '200700'),
('200706', 'NUÑOA', '200700'),
('200707', 'ORURILLO', '200700'),
('200708', 'SANTA ROSA', '200700'),
('200709', 'UMACHIRI', '200700'),
('200801', 'SANDIA', '200800'),
('200803', 'CUYOCUYO', '200800'),
('200804', 'LIMBANI', '200800'),
('200805', 'PHARA', '200800'),
('200806', 'PATAMBUCO', '200800'),
('200807', 'QUIACA', '200800'),
('200808', 'SAN JUAN DEL ORO', '200800'),
('200810', 'YANAHUAYA', '200800'),
('200811', 'ALTO INAMBARI', '200800'),
('200812', 'SAN PEDRO DE PUTINA PUNCO', '200800'),
('200901', 'JULIACA', '200900'),
('200902', 'CABANA', '200900'),
('200903', 'CABANILLAS', '200900'),
('200904', 'CARACOTO', '200900'),
('201001', 'YUNGUYO', '201000'),
('201002', 'UNICACHI', '201000'),
('201003', 'ANAPIA', '201000'),
('201004', 'COPANI', '201000'),
('201005', 'CUTURAPI', '201000'),
('201006', 'OLLARAYA', '201000'),
('201007', 'TINICACHI', '201000'),
('201101', 'PUTINA', '201100'),
('201102', 'PEDRO VILCA APAZA', '201100'),
('201103', 'QUILCAPUNCU', '201100'),
('201104', 'ANANEA', '201100'),
('201105', 'SINA', '201100'),
('201201', 'ILAVE', '201200'),
('201202', 'PILCUYO', '201200'),
('201203', 'SANTA ROSA', '201200'),
('201204', 'CAPASO', '201200'),
('201205', 'CONDURIRI', '201200'),
('201301', 'MOHO', '201300'),
('201302', 'CONIMA', '201300'),
('201303', 'TILALI', '201300'),
('201304', 'HUAYRAPATA', '201300'),
('210101', 'MOYOBAMBA', '210100'),
('210102', 'CALZADA', '210100'),
('210103', 'HABANA', '210100'),
('210104', 'JEPELACIO', '210100'),
('210105', 'SORITOR', '210100'),
('210106', 'YANTALO', '210100'),
('210201', 'SAPOSOA', '210200'),
('210202', 'PISCOYACU', '210200'),
('210203', 'SACANCHE', '210200'),
('210204', 'TINGO DE SAPOSOA', '210200'),
('210205', 'ALTO SAPOSOA', '210200'),
('210206', 'EL ESLABON', '210200'),
('210301', 'LAMAS', '210300'),
('210303', 'BARRANQUITA', '210300'),
('210304', 'CAYNARACHI', '210300'),
('210305', 'CUÑUMBUQUI', '210300'),
('210306', 'PINTO RECODO', '210300'),
('210307', 'RUMISAPA', '210300'),
('210311', 'SHANAO', '210300'),
('210313', 'TABALOSOS', '210300'),
('210314', 'ZAPATERO', '210300'),
('210315', 'ALONSO DE ALVARADO', '210300'),
('210316', 'SAN ROQUE DE CUMBAZA', '210300'),
('210401', 'JUANJUI', '210400'),
('210402', 'CAMPANILLA', '210400'),
('210403', 'HUICUNGO', '210400'),
('210404', 'PACHIZA', '210400'),
('210405', 'PAJARILLO', '210400'),
('210501', 'RIOJA', '210500'),
('210502', 'POSIC', '210500'),
('210503', 'YORONGOS', '210500'),
('210504', 'YURACYACU', '210500'),
('210505', 'NUEVA CAJAMARCA', '210500'),
('210506', 'ELIAS SOPLIN VARGAS', '210500'),
('210507', 'SAN FERNANDO', '210500'),
('210508', 'PARDO MIGUEL', '210500'),
('210509', 'AWAJUN', '210500'),
('210601', 'TARAPOTO', '210600'),
('210602', 'ALBERTO LEVEAU', '210600'),
('210604', 'CACATACHI', '210600'),
('210606', 'CHAZUTA', '210600'),
('210607', 'CHIPURANA', '210600'),
('210608', 'EL PORVENIR', '210600'),
('210609', 'HUIMBAYOC', '210600'),
('210610', 'JUAN GUERRA', '210600'),
('210611', 'MORALES', '210600'),
('210612', 'PAPAPLAYA', '210600'),
('210616', 'SAN ANTONIO', '210600'),
('210619', 'SAUCE', '210600'),
('210620', 'SHAPAJA', '210600'),
('210621', 'LA BANDA DE SHILCAYO', '210600'),
('210701', 'BELLAVISTA', '210700'),
('210702', 'SAN RAFAEL', '210700'),
('210703', 'SAN PABLO', '210700'),
('210704', 'ALTO BIAVO', '210700'),
('210705', 'HUALLAGA', '210700'),
('210706', 'BAJO BIAVO', '210700'),
('210801', 'TOCACHE', '210800'),
('210802', 'NUEVO PROGRESO', '210800'),
('210803', 'POLVORA', '210800'),
('210804', 'SHUNTE', '210800'),
('210805', 'UCHIZA', '210800'),
('210901', 'PICOTA', '210900'),
('210902', 'BUENOS AIRES', '210900'),
('210903', 'CASPIZAPA', '210900'),
('210904', 'PILLUANA', '210900'),
('210905', 'PUCACACA', '210900'),
('210906', 'SAN CRISTOBAL', '210900'),
('210907', 'SAN HILARION', '210900'),
('210908', 'TINGO DE PONASA', '210900'),
('210909', 'TRES UNIDOS', '210900'),
('210910', 'SHAMBOYACU', '210900'),
('211001', 'SAN JOSE DE SISA', '211000'),
('211002', 'AGUA BLANCA', '211000'),
('211003', 'SHATOJA', '211000'),
('211004', 'SAN MARTIN', '211000'),
('211005', 'SANTA ROSA', '211000'),
('220101', 'TACNA', '220100'),
('220102', 'CALANA', '220100'),
('220104', 'INCLAN', '220100'),
('220107', 'PACHIA', '220100'),
('220108', 'PALCA', '220100'),
('220109', 'POCOLLAY', '220100'),
('220110', 'SAMA', '220100'),
('220111', 'ALTO DE LA ALIANZA', '220100'),
('220112', 'CIUDAD NUEVA', '220100'),
('220113', 'CORONEL GREGORIO ALBARRACIN L.', '220100'),
('220201', 'TARATA', '220200'),
('220205', 'HEROES ALBARRACIN', '220200'),
('220206', 'ESTIQUE', '220200'),
('220207', 'ESTIQUE PAMPA', '220200'),
('220210', 'SITAJARA', '220200'),
('220211', 'SUSAPAYA', '220200'),
('220212', 'TARUCACHI', '220200'),
('220213', 'TICACO', '220200'),
('220301', 'LOCUMBA', '220300'),
('220302', 'ITE', '220300'),
('220303', 'ILABAYA', '220300'),
('220401', 'CANDARAVE', '220400'),
('220402', 'CAIRANI', '220400'),
('220403', 'CURIBAYA', '220400'),
('220404', 'HUANUARA', '220400'),
('220405', 'QUILAHUANI', '220400'),
('220406', 'CAMILACA', '220400'),
('230101', 'TUMBES', '230100'),
('230102', 'CORRALES', '230100'),
('230103', 'LA CRUZ', '230100'),
('230104', 'PAMPAS DE HOSPITAL', '230100'),
('230105', 'SAN JACINTO', '230100'),
('230106', 'SAN JUAN DE LA VIRGEN', '230100'),
('230201', 'ZORRITOS', '230200'),
('230202', 'CASITAS', '230200'),
('230203', 'CANOAS DE PUNTA SAL', '230200'),
('230301', 'ZARUMILLA', '230300'),
('230302', 'MATAPALO', '230300'),
('230303', 'PAPAYAL', '230300'),
('230304', 'AGUAS VERDES', '230300'),
('240101', 'CALLAO', '240100'),
('240102', 'BELLAVISTA', '240100'),
('240103', 'LA PUNTA', '240100'),
('240104', 'CARMEN DE LA LEGUA-REYNOSO', '240100'),
('240105', 'LA PERLA', '240100'),
('240106', 'VENTANILLA', '240100'),
('250101', 'CALLERIA', '250100'),
('250102', 'YARINACOCHA', '250100'),
('250103', 'MASISEA', '250100'),
('250104', 'CAMPOVERDE', '250100'),
('250105', 'IPARIA', '250100'),
('250106', 'NUEVA REQUENA', '250100'),
('250107', 'MANANTAY', '250100'),
('250201', 'PADRE ABAD', '250200'),
('250202', 'IRAZOLA', '250200'),
('250203', 'CURIMANA', '250200'),
('250301', 'RAIMONDI', '250300'),
('250302', 'TAHUANIA', '250300'),
('250303', 'YURUA', '250300'),
('250304', 'SEPAHUA', '250300'),
('250401', 'PURUS', '250400')
GO

CREATE TABLE TRABAJADORES(
COD_TRABAJADOR INT IDENTITY(1,1) NOT NULL,
NOMBRES VARCHAR(50) NOT NULL,
APE_PATERNO VARCHAR(50) NOT NULL,
APE_MATERNO VARCHAR(50) NOT NULL,
SEXO CHAR(1) NOT NULL, 
DIRECCION VARCHAR(50) NOT NULL,
COD_DISTRITO VARCHAR(6) NOT NULL,
DNI VARCHAR(8) NOT NULL,
E_MAIL VARCHAR(50) NOT NULL,
CELULAR VARCHAR(15) NOT NULL,
COD_CARGO TINYINT NOT NULL,
FECHA_REGISTRO DATE DEFAULT GETDATE() NOT NULL,
FECHA_MODIFICA DATE NULL,
ESTADO CHAR(1) DEFAULT 'A' NOT NULL)
GO
ALTER TABLE TRABAJADORES ADD CONSTRAINT PK_TRABAJADORES PRIMARY KEY (COD_TRABAJADOR)
GO
ALTER TABLE TRABAJADORES ADD CONSTRAINT FK_TRABAJADORES_CARGO FOREIGN KEY (COD_CARGO) REFERENCES CARGO (COD_CARGO)
GO
ALTER TABLE TRABAJADORES ADD CONSTRAINT FK_TRABAJADORES_DISTRITO  FOREIGN KEY (COD_DISTRITO) REFERENCES DISTRITO (COD_DISTRITO)
GO
ALTER TABLE TRABAJADORES ADD CONSTRAINT CHK_ADMI_SEXO CHECK(SEXO IN('M','F')) 
GO

INSERT INTO TRABAJADORES(NOMBRES, APE_PATERNO, APE_MATERNO, SEXO, DIRECCION, COD_DISTRITO, DNI, E_MAIL, CELULAR, COD_CARGO)
VALUES ('Jesús', 'Fernández', 'Saavedra', 'M', 'Breña', '140104', '70886499', 'jesus@gmail.com', '987654321', 1)
GO

CREATE TABLE USUARIOS(
COD_TRABAJADOR INT NOT NULL,
USUARIO VARCHAR(15) NOT NULL,
CLAVE VARCHAR(15) NOT NULL,
ESTADO CHAR(1) DEFAULT 'A' NOT NULL,
FECHA_REGISTRO DATE DEFAULT GETDATE(),
FECHA_MODIFICA DATE NULL)
GO
ALTER TABLE USUARIOS ADD CONSTRAINT PK_USUARIOS PRIMARY KEY (COD_TRABAJADOR, USUARIO)
GO
ALTER TABLE USUARIOS ADD CONSTRAINT FK_USUARIOS_TRABAJADORES FOREIGN KEY (COD_TRABAJADOR) REFERENCES TRABAJADORES (COD_TRABAJADOR)
GO

INSERT INTO USUARIOS(COD_TRABAJADOR, USUARIO, CLAVE)
VALUES(1, 'JFernandez', '123456')
GO

CREATE TABLE CLIENTES(
COD_CLIENTE INT IDENTITY(1,1) NOT NULL,
NOMBRES VARCHAR(50) NOT NULL,
APE_PATERNO VARCHAR(50) NOT NULL,
APE_MATERNO VARCHAR(50) NOT NULL,
SEXO CHAR(1) NOT NULL, 
DIRECCION VARCHAR(50) NOT NULL,
COD_DISTRITO VARCHAR(6) NOT NULL,
E_MAIL VARCHAR(50) NULL,
CELULAR VARCHAR(15) NOT NULL,
DNI VARCHAR(8) NOT NULL,
CLAVE VARCHAR(15) NOT NULL,
FECHA_REGISTRO DATE DEFAULT GETDATE() NOT NULL,
FECHA_MODIFICA DATE NULL,
ESTADO CHAR(1) DEFAULT 'A' NOT NULL)
GO
ALTER TABLE CLIENTES ADD CONSTRAINT PK_CLIENTES PRIMARY KEY (COD_CLIENTE)
GO
ALTER TABLE CLIENTES ADD CONSTRAINT CHK_CLIENTES_SEXO CHECK(SEXO IN('M','F')) 
GO
ALTER TABLE CLIENTES ADD CONSTRAINT FK_CLIENTE_DISTRITO  FOREIGN KEY (COD_DISTRITO) REFERENCES DISTRITO (COD_DISTRITO)
GO

CREATE TABLE MARCA(
COD_MARCA INT IDENTITY(1,1) NOT NULL,
NOMBRE VARCHAR(50) NOT NULL)
GO
ALTER TABLE MARCA ADD CONSTRAINT PK_MARCA PRIMARY KEY(COD_MARCA)
GO

INSERT INTO MARCA(NOMBRE) VALUES ('Embutidos Razzeto')
GO
INSERT INTO MARCA(NOMBRE) VALUES ('Galletas San Jorge')
GO

CREATE TABLE PRODUCTO(
COD_PRODUCTO INT NOT NULL,
COD_MARCA INT NOT NULL,
DESCRIPCION VARCHAR(50) NOT NULL,
PRECIO_VENTA VARCHAR(8) NOT NULL,
PRESENTACION VARCHAR(50) NOT NULL,
STOCK INT NOT NULL,
FECHA_REGISTRO DATE NULL,
FECHA_RENOVACION DATE NULL)
GO
ALTER TABLE PRODUCTO ADD CONSTRAINT PK_PRODUCTO PRIMARY KEY(COD_PRODUCTO)
GO
ALTER TABLE PRODUCTO ADD CONSTRAINT FK_PRODUCTO_MARCA FOREIGN KEY (COD_MARCA) REFERENCES MARCA (COD_MARCA)
GO

INSERT INTO PRODUCTO (COD_PRODUCTO, COD_MARCA,DESCRIPCION,PRECIO_VENTA,PRESENTACION,STOCK)
              VALUES (1, 1,'Hot Dog','7,40','Paquete 280g',5),
			         (2, 2,'Galletas Soda','2,85','Pack 7U.',2),
					 (3, 1,'Súper Jamonada de Pollo','56.70','Paquete 3kg',3),
					 (4, 2,'Panetón San Jorge Casita','21.95','Caja 900g',4),
					 (5, 1,'Hot Dog de Pollo','5.90','Paquete 250g',6),
					 (6, 2,'Panetón','19.95','Caja 900g',12),
					 (7, 1,'Chorizo Español','17.50','Paquete 500g',12),
					 (8, 2,'Galletas Animalitos Vainilla','3.75','Bolsa 500g',1),
					 (9, 1,'Hot Dog de Pollo Ahumado','5.90','Paquete 250 g',10),
					 (10, 2,'Galletas Animalitos Vainilla','1.30','Bolsa 150g',8),
					 (11, 1,'Galletas Agua','1.99','Bolsa 128g',2),
					 (12, 2,'Galletas Soda','1.25','Bolsa 85g',4)
GO

CREATE TABLE PROVEEDOR(
COD_PROVEEDOR INT IDENTITY(1,1) NOT NULL,
NOMBRE_COMPANIA VARCHAR(50) NOT NULL,
NOMBRE_CONTACTO VARCHAR(40) NOT NULL,
CARGO_CONTACTO VARCHAR(50) NULL,
DIRECCION VARCHAR(50) NOT NULL,
COD_DISTRITO VARCHAR(6) NOT NULL,
TELEFONO VARCHAR(15) NOT NULL,
WEB VARCHAR(30) NOT NULL,
ESTADO CHAR(1) DEFAULT 'A',
FECHA_REGISTRO DATE DEFAULT GETDATE(),
FECHA_MODIFICA DATE )
GO
ALTER TABLE PROVEEDOR ADD CONSTRAINT PK_PROVEEDORES PRIMARY KEY (COD_PROVEEDOR)
GO
ALTER TABLE PROVEEDOR ADD CONSTRAINT FK_PROVEEDOR_DISTRITO FOREIGN KEY (COD_DISTRITO) REFERENCES DISTRITO (COD_DISTRITO)
GO

CREATE TABLE COMPRA(
COD_COMPRA INT IDENTITY(1,1) NOT NULL,
COD_PROVEEDOR INT NOT NULL,
COD_TRABAJADOR INT NOT NULL,
FECHA_COMPRA DATE DEFAULT GETDATE() NOT NULL,
ESTADO CHAR(1) DEFAULT 'C' NOT NULL)
GO
ALTER TABLE COMPRA ADD CONSTRAINT PK_COMPRA PRIMARY KEY(COD_COMPRA)
GO
ALTER TABLE COMPRA ADD CONSTRAINT FK_COMPRA_PROVEEDOR FOREIGN KEY (COD_PROVEEDOR) REFERENCES PROVEEDOR (COD_PROVEEDOR)
GO
ALTER TABLE COMPRA ADD CONSTRAINT FK_COMPRA_TRABAJADOR FOREIGN KEY (COD_TRABAJADOR) REFERENCES TRABAJADORES (COD_TRABAJADOR)
GO

CREATE TABLE DETALLE_COMPRA(
COD_COMPRA INT NOT NULL,
COD_PRODUCTO INT NOT NULL,
CANTIDAD INT,
PRECIO_COMPRA VARCHAR(8) NOT NULL,
PRECIO_VENTA VARCHAR(8) NOT NULL,
SUBTOTAL VARCHAR(15) NOT NULL,
IGV VARCHAR(8) NOT NULL,
TOTAL VARCHAR(15) NOT NULL)
GO
ALTER TABLE DETALLE_COMPRA ADD CONSTRAINT PK_DETALLE_COMPRA PRIMARY KEY(COD_COMPRA, COD_PRODUCTO)
GO
ALTER TABLE DETALLE_COMPRA ADD CONSTRAINT FK_DCOMPRA_PROVEEDOR FOREIGN KEY (COD_COMPRA) REFERENCES COMPRA (COD_COMPRA)
GO
ALTER TABLE DETALLE_COMPRA ADD CONSTRAINT FK_DCOMPRA_PRODUCTO FOREIGN KEY (COD_PRODUCTO) REFERENCES PRODUCTO (COD_PRODUCTO)
GO

CREATE TABLE VENTA(
COD_VENTA INT IDENTITY(1,1) NOT NULL,
COD_CLIENTE INT NOT NULL,
FECHA_VENTA DATE DEFAULT GETDATE() NOT NULL,
ESTADO CHAR(1) DEFAULT 'C' NOT NULL)
GO
ALTER TABLE VENTA ADD CONSTRAINT PK_VENTA PRIMARY KEY (COD_VENTA)
GO
ALTER TABLE VENTA ADD CONSTRAINT FK_VENTA_CLIENTE FOREIGN KEY (COD_CLIENTE) REFERENCES CLIENTES (COD_CLIENTE)
GO

CREATE TABLE DETALLE_VENTA(
COD_VENTA INT NOT NULL,
COD_PRODUCTO INT NOT NULL,
CANTIDAD INT,
PRECIO_VENTA VARCHAR(8) NOT NULL,
SUBTOTAL VARCHAR(15) NOT NULL,
IGV VARCHAR(8) NOT NULL,
TOTAL VARCHAR(15) NOT NULL)
GO
ALTER TABLE DETALLE_VENTA ADD CONSTRAINT PK_DETALLE_VENTA PRIMARY KEY(COD_VENTA, COD_PRODUCTO)
GO
ALTER TABLE DETALLE_VENTA ADD CONSTRAINT FK_DVENTA_PROVEEDOR FOREIGN KEY (COD_VENTA) REFERENCES VENTA (COD_VENTA)
GO
ALTER TABLE DETALLE_VENTA ADD CONSTRAINT FK_DVENTA_PRODUCTO FOREIGN KEY (COD_PRODUCTO) REFERENCES PRODUCTO (COD_PRODUCTO)
GO

--PROCEDIMIENTO LOGIN
CREATE PROCEDURE SP_LOGIN
    @USUARIO VARCHAR(50),
    @CLAVE VARCHAR(50)
AS
BEGIN
    SELECT CONCAT(T.NOMBRES,' ', T.APE_PATERNO, ' ', T.APE_MATERNO) AS NOMBRES, U.USUARIO, U.CLAVE, C.DESCRIPCION, T.COD_TRABAJADOR
    FROM TRABAJADORES T INNER JOIN CARGO C ON T.COD_CARGO = C.COD_CARGO INNER JOIN USUARIOS U ON T.COD_TRABAJADOR = U.COD_TRABAJADOR
	WHERE USUARIO=@USUARIO AND CLAVE=@CLAVE AND T.ESTADO = 'A'
END
GO

CREATE PROCEDURE SP_LOGINUSUARIO
    @USUARIO VARCHAR(50)
AS
BEGIN
    SELECT CONCAT(T.NOMBRES,' ', T.APE_PATERNO, ' ', T.APE_MATERNO) AS NOMBRES
    FROM TRABAJADORES T INNER JOIN CARGO C ON T.COD_CARGO = C.COD_CARGO INNER JOIN USUARIOS U ON T.COD_TRABAJADOR = U.COD_TRABAJADOR
	WHERE USUARIO=@USUARIO
END
GO

CREATE PROCEDURE SP_LOGUINCLIENTES
    @DNI VARCHAR(50)
AS
BEGIN
    SELECT CONCAT(NOMBRES,' ', APE_PATERNO, ' ', APE_MATERNO) AS NOMBRES, DNI, COD_CLIENTE
    FROM CLIENTES
	WHERE DNI=@DNI
END
GO

CREATE PROCEDURE SP_LOGINCLIENTES
    @DNI VARCHAR(8),
    @CLAVE VARCHAR(15)
AS
BEGIN
    SELECT CONCAT(NOMBRES,' ', APE_PATERNO, ' ', APE_MATERNO) AS NOMBRES, DNI, COD_CLIENTE
    FROM CLIENTES
	WHERE DNI=@DNI AND CLAVE=@CLAVE AND ESTADO = 'A'
END
GO

--PROCEDIMIENTOS PARA LISTAR
CREATE PROCEDURE SP_LISTACLIENTES
AS
BEGIN
	SELECT C.COD_CLIENTE, CONCAT(C.NOMBRES, ' ', C.APE_PATERNO, ' ', C.APE_MATERNO) AS NOMBRES, C.DIRECCION, D.DISTRITO, C.E_MAIL, C.CELULAR FROM CLIENTES C
	INNER JOIN DISTRITO D ON D.COD_DISTRITO = C.COD_DISTRITO WHERE C.ESTADO='A'
END
GO

CREATE PROCEDURE SP_LISTATRABAJADORES
AS
BEGIN
	SELECT T.COD_TRABAJADOR, CONCAT(T.NOMBRES, ' ', T.APE_PATERNO, ' ', T.APE_MATERNO) AS NOMBRES, T.DIRECCION, T.COD_DISTRITO, T.DNI, T.E_MAIL, T.CELULAR,
	C.DESCRIPCION FROM TRABAJADORES T INNER JOIN CARGO C ON C.COD_CARGO = T.COD_CARGO INNER JOIN DISTRITO D ON D.COD_DISTRITO = T.COD_DISTRITO WHERE ESTADO='A'
END
GO

CREATE PROCEDURE SP_LISTAPRODUCTOS
AS
BEGIN
    SELECT P.COD_PRODUCTO, M.NOMBRE, P.DESCRIPCION, P.PRESENTACION, P.PRECIO_VENTA, P.STOCK FROM PRODUCTO P INNER JOIN MARCA M ON P.COD_MARCA = M.COD_MARCA
END
GO

CREATE PROCEDURE SP_LISTAPROVEEDORES
AS
BEGIN
    SELECT P.COD_PROVEEDOR, P.NOMBRE_COMPANIA, P.NOMBRE_CONTACTO, P.CARGO_CONTACTO, P.DIRECCION, D.DISTRITO, P.TELEFONO, P.WEB
	FROM PROVEEDOR P INNER JOIN DISTRITO D ON D.COD_DISTRITO = P.COD_DISTRITO
END
GO

--PROCEDIMIENTOS PARA INSERTAR
CREATE PROCEDURE SP_INSERTACLIENTES
    @NOMBRES VARCHAR(50),
    @APE_PATERNO VARCHAR(50),
	@APE_MATERNO VARCHAR(50),
    @SEXO CHAR(1),
    @DIRECCION VARCHAR(50),
	@COD_DISTRITO VARCHAR(6),
    @E_MAIL VARCHAR(50),
    @CELULAR VARCHAR(9),
	@DNI VARCHAR(8),
	@CLAVE VARCHAR(15)
AS
BEGIN
INSERT INTO CLIENTES (NOMBRES, APE_PATERNO, APE_MATERNO, SEXO, DIRECCION, COD_DISTRITO, E_MAIL, CELULAR, DNI, CLAVE)
VALUES (UPPER(LEFT(@NOMBRES,1)) + LOWER(SUBSTRING(@NOMBRES, 2, LEN(@NOMBRES))), 
        UPPER(LEFT(@APE_PATERNO,1)) + LOWER(SUBSTRING(@APE_PATERNO, 2, LEN(@APE_PATERNO))),
		UPPER(LEFT(@APE_MATERNO,1)) + LOWER(SUBSTRING(@APE_MATERNO, 2, LEN(@APE_MATERNO))), @SEXO, @DIRECCION, @COD_DISTRITO, @E_MAIL, @CELULAR, @DNI, @CLAVE)
END
GO

CREATE PROCEDURE SP_INSERTATRABAJADOR
    @NOMBRES VARCHAR(50),
	@APE_PATERNO VARCHAR(50),
	@APE_MATERNO VARCHAR(50),
    @SEXO CHAR(1),   
    @DIRECCION VARCHAR(50),
	@COD_DISTRITO VARCHAR(6),
    @DNI VARCHAR(8),
    @E_MAIL VARCHAR(50),
    @CELULAR VARCHAR(9),
    @COD_CARGO TINYINT
AS
BEGIN
INSERT INTO TRABAJADORES(NOMBRES, APE_PATERNO, APE_MATERNO, SEXO, DIRECCION, COD_DISTRITO, DNI, E_MAIL, CELULAR, COD_CARGO)
VALUES (UPPER(LEFT(@NOMBRES,1)) + LOWER(SUBSTRING(@NOMBRES, 2, LEN(@NOMBRES))),
        UPPER(LEFT(@APE_PATERNO,1)) + LOWER(SUBSTRING(@APE_PATERNO, 2, LEN(@APE_PATERNO))),
		UPPER(LEFT(@APE_MATERNO,1)) + LOWER(SUBSTRING(@APE_MATERNO, 2, LEN(@APE_MATERNO))),  @SEXO, @DIRECCION, @COD_DISTRITO, @DNI, @E_MAIL, @CELULAR, @COD_CARGO)
END
GO

CREATE PROCEDURE SP_INSERTAUSUARIO
	@COD_TRABAJADOR INT,
    @USUARIO VARCHAR(15),
    @CLAVE VARCHAR(15)
AS
BEGIN
	DECLARE @TRABAJADOR INT
	SELECT @TRABAJADOR = COUNT(COD_TRABAJADOR) FROM TRABAJADORES WHERE ESTADO = 'A' AND @COD_TRABAJADOR = COD_TRABAJADOR
	IF (@TRABAJADOR !=0)
	BEGIN
		INSERT INTO USUARIOS(COD_TRABAJADOR, USUARIO, CLAVE)
		VALUES (@COD_TRABAJADOR, @USUARIO, @CLAVE)
	END
END
GO

CREATE PROCEDURE SP_INSERTAPROVEEDOR
	@NOMBRE_COMPANIA VARCHAR(50),
	@NOMBRE_CONTACTO VARCHAR(40),
	@CARGO_CONTACTO VARCHAR(50),
	@DIRECCION VARCHAR(50),
	@COD_DISTRITO VARCHAR(6) ,
	@TELEFONO VARCHAR(15),
	@WEB VARCHAR(30)
AS
BEGIN
	INSERT INTO PROVEEDOR (NOMBRE_COMPANIA, NOMBRE_CONTACTO, CARGO_CONTACTO, DIRECCION, COD_DISTRITO, TELEFONO, WEB)
	VALUES (@NOMBRE_COMPANIA, @NOMBRE_CONTACTO, @CARGO_CONTACTO, @DIRECCION, @COD_DISTRITO, @TELEFONO, @WEB)
END
GO

CREATE PROCEDURE SP_INSERTACOMPRA
	@COD_PROVEEDOR INT,
	@COD_TRABAJADOR INT
AS
BEGIN
	INSERT INTO COMPRA (COD_PROVEEDOR, COD_TRABAJADOR) VALUES (@COD_PROVEEDOR, @COD_TRABAJADOR)
END
GO

CREATE PROCEDURE SP_INSERTA_DETALLE_COMPRA
	@COD_COMPRA INT,
	@COD_PRODUCTO INT,
	@CANTIDAD INT,
	@PRECIO_COMPRA VARCHAR(8),
	@PRECIO_VENTA VARCHAR(8),
	@PRESENTACION VARCHAR(50),
	@DESCRIPCION VARCHAR(50),
	@COD_MARCA INT
AS
BEGIN

	UPDATE COMPRA
	SET
	ESTADO = 'A'
	WHERE COD_COMPRA = @COD_COMPRA

	DECLARE @PRODUCTOEXISTE INT
	SELECT @PRODUCTOEXISTE = COD_PRODUCTO FROM PRODUCTO WHERE COD_PRODUCTO = @COD_PRODUCTO
	IF (@PRODUCTOEXISTE != '')
		BEGIN

			UPDATE PRODUCTO
			SET
			PRECIO_VENTA=@PRECIO_VENTA,
			STOCK = STOCK + @CANTIDAD
			WHERE COD_PRODUCTO = @COD_PRODUCTO

			INSERT INTO DETALLE_COMPRA (COD_COMPRA, COD_PRODUCTO, CANTIDAD, PRECIO_COMPRA, PRECIO_VENTA, SUBTOTAL, IGV, TOTAL) 
			VALUES (@COD_COMPRA, @COD_PRODUCTO, @CANTIDAD, @PRECIO_COMPRA, @PRECIO_VENTA, (@CANTIDAD*@PRECIO_VENTA),
			(0.18*(@CANTIDAD*@PRECIO_VENTA)), ((@CANTIDAD*@PRECIO_VENTA)+(0.18*(@CANTIDAD*@PRECIO_VENTA))))
		END
	ELSE
		BEGIN
			SELECT @COD_PRODUCTO=(MAX(COD_PRODUCTO)+1) FROM PRODUCTO
				
			INSERT INTO PRODUCTO(COD_PRODUCTO, COD_MARCA, DESCRIPCION, PRECIO_VENTA, PRESENTACION, STOCK, FECHA_REGISTRO)
			VALUES (@COD_PRODUCTO, @COD_MARCA, @DESCRIPCION, @PRECIO_VENTA, @PRESENTACION, @CANTIDAD, GETDATE())

			INSERT INTO DETALLE_COMPRA (COD_COMPRA, COD_PRODUCTO, CANTIDAD, PRECIO_COMPRA, PRECIO_VENTA, SUBTOTAL, IGV, TOTAL) 
			VALUES (@COD_COMPRA, @COD_PRODUCTO, @CANTIDAD, @PRECIO_COMPRA, @PRECIO_VENTA, (@CANTIDAD*@PRECIO_VENTA),
			(0.18*(@CANTIDAD*@PRECIO_VENTA)), ((@CANTIDAD*@PRECIO_VENTA)+(0.18*(@CANTIDAD*@PRECIO_VENTA))))
		END
END
GO

CREATE PROCEDURE SP_INSERTAVENTA
	@COD_CLIENTE INT
AS
BEGIN
	INSERT INTO VENTA(COD_CLIENTE) VALUES (@COD_CLIENTE)
END
GO

CREATE PROCEDURE SP_INSERTA_DETALLE_VENTA
	@COD_VENTA INT,
	@COD_PRODUCTO INT,
	@CANTIDAD INT,
	@PRECIO_VENTA VARCHAR(8)
AS
BEGIN

	UPDATE VENTA
	SET
	ESTADO = 'A'
	WHERE COD_VENTA = @COD_VENTA

		UPDATE PRODUCTO
			SET
			STOCK = STOCK - @CANTIDAD
		WHERE COD_PRODUCTO = @COD_PRODUCTO

		INSERT INTO DETALLE_VENTA (COD_VENTA, COD_PRODUCTO, CANTIDAD, PRECIO_VENTA, SUBTOTAL, IGV, TOTAL)
		VALUES (@COD_VENTA, @COD_PRODUCTO, @CANTIDAD, cast(@PRECIO_VENTA as decimal(12,2)), (@CANTIDAD*cast(@PRECIO_VENTA as decimal(12,2))),
		(0.18*(@CANTIDAD*cast(@PRECIO_VENTA as decimal(12,2)))), ((@CANTIDAD*cast(@PRECIO_VENTA as decimal(12,2)))+(0.18*(@CANTIDAD*cast(@PRECIO_VENTA as decimal(12,2))))))
END
GO

--PROCEDIMIENTOS PARA EDITAR
CREATE PROCEDURE SP_EDITACLIENTE
    @COD_CLIENTE INT,
    @NOMBRES VARCHAR(50),
	@PATERNO VARCHAR(50),
	@MATERNO VARCHAR(50),
    @DIRECCION VARCHAR(50),
    @DISTRITO VARCHAR(6),
    @E_MAIL VARCHAR(50),
    @CELULAR VARCHAR(9),
	@DNI VARCHAR(8),
	@CLAVE VARCHAR(15)
AS
BEGIN
UPDATE CLIENTES
SET
	NOMBRES = @NOMBRES,
	APE_PATERNO= @PATERNO,
	APE_MATERNO= @MATERNO,
	DIRECCION = @DIRECCION,
	COD_DISTRITO = @DISTRITO,
	E_MAIL = @E_MAIL,
	CELULAR = @CELULAR,
	DNI = @DNI,
	CLAVE = @CLAVE,
	FECHA_MODIFICA = GETDATE()
WHERE COD_CLIENTE = @COD_CLIENTE
END
GO

CREATE PROCEDURE SP_EDITAATRABAJADOR
    @COD_TRABAJADOR INT,
    @NOMBRES VARCHAR(50),
    @PATERNO VARCHAR(50),
	@MATERNO VARCHAR(50),
    @DIRECCION VARCHAR(50),
    @DISTRITO VARCHAR(6),
	@DNI VARCHAR(8),	
    @E_MAIL VARCHAR(50),
    @CELULAR VARCHAR(9),
    @COD_CARGO TINYINT
AS
BEGIN
UPDATE TRABAJADORES
SET
	NOMBRES = @NOMBRES,
	APE_PATERNO= @PATERNO,
	APE_MATERNO= @MATERNO,
	DIRECCION = @DIRECCION,
	COD_DISTRITO = @DISTRITO,
	DNI = @DNI,
	E_MAIL = @E_MAIL,
	CELULAR = @CELULAR,
	COD_CARGO = @COD_CARGO,
	FECHA_MODIFICA = GETDATE()
WHERE COD_TRABAJADOR = @COD_TRABAJADOR
END
GO

CREATE PROCEDURE SP_EDITAPROVEEDOR
    @COD_PROVEEDOR INT,
	@NOMBRE_COMPANIA VARCHAR(50),
	@NOMBRE_CONTACTO VARCHAR(40),
	@CARGO_CONTACTO VARCHAR(50),
	@DIRECCION VARCHAR(50),
	@COD_DISTRITO VARCHAR(6),
	@TELEFONO VARCHAR(15),
	@WEB VARCHAR(30)
AS
BEGIN
UPDATE PROVEEDOR
SET
	NOMBRE_COMPANIA= @NOMBRE_COMPANIA,
	NOMBRE_CONTACTO= @NOMBRE_CONTACTO,
	CARGO_CONTACTO = @CARGO_CONTACTO,
	DIRECCION = @DIRECCION,
	COD_DISTRITO = @COD_DISTRITO,
	TELEFONO = @TELEFONO,
	WEB = @WEB,
	FECHA_MODIFICA = GETDATE()
WHERE COD_PROVEEDOR = @COD_PROVEEDOR
END
GO

CREATE PROCEDURE SP_EDITAUSUARIO
    @COD_USUARIO INT,
    @CLAVE VARCHAR(15)
AS
BEGIN
UPDATE USUARIOS
SET
	CLAVE = @CLAVE,
	FECHA_MODIFICA = GETDATE()
WHERE COD_TRABAJADOR = @COD_USUARIO
END
GO

--PROCEDIMIENTO PARA ELIMINAR
CREATE PROCEDURE SP_ELIMINACLIENTE
    @COD_CLIENTE INT
AS
BEGIN
UPDATE CLIENTES
SET
ESTADO = 'I' 
WHERE COD_CLIENTE = @COD_CLIENTE
END
GO

CREATE PROCEDURE SP_ELIMINATRABAJADOR
    @COD_TRABAJADOR INT
AS
BEGIN
UPDATE TRABAJADORES
SET
ESTADO = 'I' 
WHERE COD_TRABAJADOR = @COD_TRABAJADOR
END
GO

CREATE PROCEDURE SP_ELIMINAPROVEEDOR
    @COD_PROVEEDOR INT
AS
BEGIN
UPDATE PROVEEDOR
SET
ESTADO = 'I' 
WHERE COD_PROVEEDOR = @COD_PROVEEDOR
END
GO